ID,Monomer,Checked,Flags?,Shivani Notes,Solvent,dS (J/mol/K),Temp (ºC),BASE_State,BASE_Category,Monomer SMILES,Canonical SMILES,Other,Source,,
444,deltaVL-Et2,Yes,Flag,in SI,toluene,-79.6,,ss,ROP,C1CCOC(=O)C(CC)(CC)1,CCC1(CC)CCCOC1=O,,A circular polyester platform based on simple gem-disubstituted valerolactones,,
451,deltaVL-Pr2,Yes,Flag,in SI,toluene,-70.2,,ss,ROP,C1CCOC(=O)C(CCC)(CCC)1,CCCC1(CCC)CCCOC1=O,,A circular polyester platform based on simple gem-disubstituted valerolactones,,
456,deltaVL-Bu2,Yes,Flag,in SI,toluene,-53.9,,ss,ROP,C1CCOC(=O)C(CCCC)(CCCC)1,CCCCC1(CCCC)CCCOC1=O,,A circular polyester platform based on simple gem-disubstituted valerolactones,,
468,deltaVL-Pen2,Yes,Flag,in SI,toluene,-46.5,,ss,ROP,C1CCOC(=O)C(CCCCC)(CCCCC)1,CCCCCC1(CCCCC)CCCOC1=O,,A circular polyester platform based on simple gem-disubstituted valerolactones,,
479,deltaVL-Hex2,Yes,Flag,in SI,toluene,-65.6,,ss,ROP,C1CCOC(=O)C(CCCCCC)(CCCCCC)1,CCCCCCC1(CCCCCC)CCCOC1=O,,A circular polyester platform based on simple gem-disubstituted valerolactones,,
550,deltaVL,Yes,Flag,this is a new number from Eugene when they redid the experiment,toluene,-30.8,,ss,ROP,C1CCOC(=O)C1,O=C1CCCCO1,,A circular polyester platform based on simple gem-disubstituted valerolactones,,
471,delta decalactone,Yes,Flag,5th entry on right side of Table 1,,-57,,la,ROP,CCCCCC1CCCC(=O)O1,CCCCCC1CCCC(=O)O1,,Aliphatic Polyester Block Polymer Design,JPCA DB - 6 - 2 diff bulk expts,
407,delta-CL,Yes,Flag,table 5,dichloromethane+toluene,-41.2,,ss,ROP,CC1CCCC(=O)O1,CC1CCCC(=O)O1,,"Controlled Ring-Opening Polymerization of Lactones and Lactides Initiated by Lanthanum Isopropoxide, 1",JPCA DB,
542,epsilon caprolactone,Yes,Flag,table 5,dichloromethane+toluene,-6,,ss,ROP,O=C1CCCCCO1,O=C1CCCCCO1,,"Controlled Ring-Opening Polymerization of Lactones and Lactides Initiated by Lanthanum Isopropoxide, 1",JPCA DB,
260,cyclopentene COBn (1i),Yes,Flag,in SI,dichloromethane,-68.5,,ss,ROMP,C1(COCC2=CC=CC=C2)CC=CC1,C1=CCC(COCc2ccccc2)C1,,Dynamic Remodeling of Covalent Networks via Ring-Opening Metathesis Polymerization,,
261,cyclopentene Obn (1d),Yes,Flag,in SI,tetrahydrofuran,-59.6,,ss,ROMP,C1(OCC2=CC=CC=C2)CC=CC1,C1=CCC(OCc2ccccc2)C1,,Dynamic Remodeling of Covalent Networks via Ring-Opening Metathesis Polymerization,,
264,cyclopentene (1a),Yes,Flag,in SI,tetrahydrofuran,-54.2,,ss,ROMP,C1CC=CC1,C1=CCCC1,,Dynamic Remodeling of Covalent Networks via Ring-Opening Metathesis Polymerization,,
358,cyclopentene OTBS (1c),Yes,Flag,in SI,tetrahydrofuran,-58.5,,ss,ROMP,C[Si](OC1CC=CC1)(C)C(C)(C)C,CC(C)(C)[Si](C)(C)OC1CC=CC1,,Dynamic Remodeling of Covalent Networks via Ring-Opening Metathesis Polymerization,,
501,cyclopentene COOCH3 (1f),Yes,Flag,in SI,tetrahydrofuran,-62.2,,ss,ROMP,O=C(OC)C1CC=CC1,COC(=O)C1CC=CC1,,Dynamic Remodeling of Covalent Networks via Ring-Opening Metathesis Polymerization,,
509,cyclopentene COOH (1e),Yes,Flag,in SI,tetrahydrofuran,-56.3,,ss,ROMP,OC(C1CC=CC1)=O,O=C(O)C1CC=CC1,,Dynamic Remodeling of Covalent Networks via Ring-Opening Metathesis Polymerization,,
510,cyclopentene COOBn (1g),Yes,Flag,in SI,tetrahydrofuran,-81.4,,ss,ROMP,O=C(OCC1=CC=CC=C1)C2CC=CC2,O=C(OCc1ccccc1)C1CC=CC1,,Dynamic Remodeling of Covalent Networks via Ring-Opening Metathesis Polymerization,,
628,cyclopentene OH (1b),Yes,Flag,in SI,tetrahydrofuran,-35.4,,ss,ROMP,OC1CC=CC1,OC1CC=CC1,,Dynamic Remodeling of Covalent Networks via Ring-Opening Metathesis Polymerization,,
629,cyclopentene COH (1h),Yes,Flag,in SI,tetrahydrofuran,-75.9,,ss,ROMP,OCC1CC=CC1,OCC1CC=CC1,,Dynamic Remodeling of Covalent Networks via Ring-Opening Metathesis Polymerization,,
124,2[c] 6-dimethyl-phenyl methacrylate,Yes,Flag,"I have this paper, but can't find this value. It was probably cited in another database. ",dichloromethane,-100.7,,ss,acrylate,CC1=C(C(=CC=C1)C)OC(=O)C(=C)C,C=C(C)C(=O)Oc1c(C)cccc1C,,Low Ceiling Temperature in Radical Polymerization of 2 6-Dimethylphenyl Methacrylate,,
400,Î²[c]Î´[c]Î´-trimethyl-Îµ-caprolactone,Yes,Flag,in SI,toluene,-29.7,,la,ROP,CC1CC(C)(C)COC(=O)C1,CC1CC(=O)OCC(C)(C)C1,,Organocatalyzed ring opening polymerization of regio-isomeric lactones: reactivity and thermodynamics considerations,,
331,1[c]3-Dioxolane,Yes,Flag,converted units,gamma valerolactone,-78,,ss,cationic,C1COCO1,C1COCO1,,The polymerization of 13-dioxolane. I. Structure of the polymer and thermodynamics of its formation,,
458,poly(five trans-cyclic acetal fused cyclooctene)  [di n-butyl substituted] M3d,Yes,Flag,Table 3,dichloromethane,-20.9,,ss,ROMP,CCCCC1(CCCC)OC2CC/C=C\CCC2O1,CCCCC1(CCCC)OC2CC/C=C\CCC2O1,,"Understanding the Structure Polymerization Thermodynamics Relationships of Fused-Ring Cyclooctenes for Developing Chemically Recyclable Polymers	",,
568,"1,4-Dioxan-2-one",Yes,Flag,keep in for now,,-45.3,,ls,ROP,O=C1COCCO1,O=C1COCCO1,,"Equilibrium Polymerization Behavior of 1,4-Dioxan-2-one in Bulk",JPCA DB - 7 - I have access to source,
581,PTHO,Yes,Flag,temp range,,0,-23.15 to -173.15,la,ROP,O=C1NCCCO1,O=C1NCCCO1,,"Calorimetric study of tetrahydro-1,3-oxazin-2-oneand poly(oxy-1,3-propanediyliminocarbonyl), and the polymerizatioddepolymerization equilibrium",JPCA DB - 8 - dup,
244,Formaldehyde,Yes,Flag,temp range,,-135.98,"10""-58"" C : to polyoxymethylene",gc,aldehyde,C=O,C=O,,CHANGES OF ENTROPY AND HEAT CONTENT DURING POLYMERIZATION,,
569,1[c]4-dioxan-2-one,Yes,Flag,change to ls is fine,,-45.3,,ls,ROP,C1COC(=O)CO1,O=C1COCCO1,,Equilibrium Polymerization Behavior of 14-Dioxan-2-one in Bulk,,
364,Thioacetone,Yes,Flag,temp range,monomer,-48.9,50-90,ls,aldehyde,CC(=S)C,CC(C)=S,,PHB,,
513,N-Phenylmaleimide,Yes,Flag,fixed SMILES,,-86,55,ss,vinyl,O=C1C=CC(=O)N1c2ccccc2,O=C1C=C(c2ccccc2)C(=O)N1,,PHB,,
536,e-Caprolactam-7-methyl-,Yes,Flag,fixed SMILES,,-21,225,ls ,ROP,CC1CCCCC(=O)N1,CC1CCCCC(=O)N1,,PHB,,
537,e-Caprolactam-5-methyl-,Yes,Flag,fixed SMILES,,-16,200,ls ,ROP,CC1CCNC(=O)CC1,CC1CCNC(=O)CC1,,PHB,,
538,e-Caprolactam 3-methyl-,Yes,Flag,fixed SMILES,,-11,260,ls ,ROP,CC1CCCCNC1=O,CC1CCCCNC1=O,,PHB,,
515,t6l,Yes,Flag,found in paper,,-65,,la,ROP,O=C2CC1CCCCC1O2,O=C1CC2CCCCC2O1,,Ring-opening polymerization of a five-membered lactone trans-fused to a cyclohexane ring,JPCA DB,
237,2-allyloxymethyl-2-ethyl-trimethylene carbonate,Yes,Flag,temp range,acetonitrile,-26.8,30->75,ss,ROP,C1C(CC)(COCC=C)COC(=O)O1,C=CCOCC1(CC)COC(=O)OC1,,Switching from Controlled Ring-Opening Polymerization (cROP) to Controlled Ring-Closing Depolymerization (cRCDP) by Adjusting the Reaction Parameters That Determine the Ceiling Temperature,,
238,2-allyloxymethyl-2-ethyl-trimethylene carbonate,Yes,Flag,temp range,toluene,-46.6,30->90,ss,ROP,C1C(CC)(COCC=C)COC(=O)O1,C=CCOCC1(CC)COC(=O)OC1,,Switching from Controlled Ring-Opening Polymerization (cROP) to Controlled Ring-Closing Depolymerization (cRCDP) by Adjusting the Reaction Parameters That Determine the Ceiling Temperature,,
239,2-allyloxymethyl-2-ethyl-trimethylene carbonate,Yes,Flag,temp range,,-6.9,30->200,la,ROP,C1C(CC)(COCC=C)COC(=O)O1,C=CCOCC1(CC)COC(=O)OC1,,Switching from Controlled Ring-Opening Polymerization (cROP) to Controlled Ring-Closing Depolymerization (cRCDP) by Adjusting the Reaction Parameters That Determine the Ceiling Temperature,,
457,fused cyclooctene m3d,Yes,Flag,Table 3,dichloromethane,-20.92,,ss,ROMP,CCCCC2(CCCC)O[C@H]1CC/C=C\CC[C@@H]1O2,CCCCC1(CCCC)O[C@H]2CC/C=C\CC[C@@H]2O1,,Understanding the Structure Polymerization Thermodynamics Relationships of Fused-Ring Cyclooctenes for Developing Chemically Recyclable Polymers,JPCA DB,
246,fused cyclooctene m2,Yes,Flag,Table 3,dichloromethane,-13.4,,ss,ROMP,C/2=C/CC[C@@H]1CCC[C@H]1CC2,C1=C\CC[C@@H]2CCC[C@H]2CC/1,,Understanding the Structure Polymerization Thermodynamics Relationships of Fused-Ring Cyclooctenes for Developing Chemically Recyclable Polymers,JPCA DB,
247,fused cyclooctene m3e,Yes,Flag,Table 3,dichloromethane,-13.8,,ss,ROMP,C/3=C/CC[C@@H]2OC1(CCCCC1)O[C@H]2CC3,C1=C\CC[C@@H]2OC3(CCCCC3)O[C@H]2CC/1,,Understanding the Structure Polymerization Thermodynamics Relationships of Fused-Ring Cyclooctenes for Developing Chemically Recyclable Polymers,JPCA DB,
248,fused cyclooctene m3a,Yes,Flag,Table 3,dichloromethane,-12.1,,ss,ROMP,C/2=C/CC[C@@H]1OCO[C@H]1CC2,C1=C\CC[C@@H]2OCO[C@H]2CC/1,,Understanding the Structure Polymerization Thermodynamics Relationships of Fused-Ring Cyclooctenes for Developing Chemically Recyclable Polymers,JPCA DB,
251,poly(five trans-cyclic acetal fused cyclooctene)  [cyclohexane substituted],Yes (M3e),Flag,,,-13.8,,ss,ROMP,C12CC/C=C\CCC1OC3(CCCCC3)O2,C1=C\CCC2OC3(CCCCC3)OC2CC/1,,"Understanding the Structure Polymerization Thermodynamics Relationships of Fused-Ring Cyclooctenes for Developing Chemically Recyclable Polymers	",,
245,fused cyclooctene m1,Yes,Flag,keep this one,dichloromethane,-14.2,,ss,ROMP,C/2=C/CC[C@@H]1CC[C@H]1CC2,C1=C\CC[C@@H]2CC[C@H]2CC/1,,Understanding the StructureÐPolymerization Thermodynamics Relationships of Fused-Ring Cyclooctenes for Developing Chemically Recyclable Polymers,JPCA DB,
543,epsilon caprolactone,Yes,Flag,we don't need anything done at non standard state,toluene,-53.9,,ss,ROP,C1CCC(=O)OCC1,O=C1CCCCCO1,,Thermodynamic Presynthetic Conditions,,
630,"tnCL, thionocaprolactone",Yes,Flag,we don't need anything done at non standard state,toluene,-54.4,,ss,ROP,S=C1CCCCCO1,S=C1CCCCCO1,,"Organocatalytic ring-opening polymerization of thionolactones: anything O can do, S can do better",JPCA DB,
631,Formic Acid,Yes,Flag,state is fine,,251.4,25,gc’,,,,,Entropy of the Monomeric Forms of Formic Acid and Acetic Acid,,
632,Formic Acid Dimer,Yes,Flag,state is fine,,347.69,25,gc’,,,,,Entropy of the Monomeric Forms of Formic Acid and Acetic Acid,,
633,Acetic Acid,Yes,Flag,state is fine,,293.3,,gc’,,,,,Entropy of the Monomeric Forms of Formic Acid and Acetic Acid,,
634,tetrahydrofuran,Yes,Flag,bulk -> la,,-74,,la,cationic polymerization,,,,Thermodynamics of Addition Polymerization,delH = -19.2 kj/mol,
359,N^R-PTL,Yes,,,dichloromethane+chloroform,-40.4,,ss,ROP-S,CC(C)(C)OC(=O)N1CC2CC1C(=O)S2,CC(C)(C)OC(=O)N1CC2CC1C(=O)S2,,"4-Hydroxyproline-Derived Sustainable Polythioesters: Controlled Ring-Opening Polymerization, Complete Recyclability, and Facile Functionalization",JPCA DB,
502,cmvl,Yes,,,methanol,-41,,ss,ROP,COC(=O)C1CCC(=O)OC1,COC(=O)C1CCC(=O)OC1,,A Carbomethoxylated Polyvalerolactone from Malic Acid: Synthesis and Divergent Chemical Recycling,JPCA DB,
385,deltaVL-Me2,Yes,,,toluene,-44.6,,ss,ROP,C1CCOC(=O)C(C)(C)1,CC1(C)CCCOC1=O,,A circular polyester platform based on simple gem-disubstituted valerolactones,,
259,4-Phenylcyclopentene,Yes,,,toluene,-79.9,,ss,ROMP,C1C=CCC1C2=CC=CC=C2,C1=CCC(c2ccccc2)C1,,A Precision Ethylene-Styrene Copolymer with High Styrene Content from Ring-Opening Metathesis Polymerization of 4-Phenylcyclopentene,JPCA DB,
591,"3,4-T6GBL",Yes,,,toluene,-72,,ss,ROP,O=C1OCC2CCCCC12,O=C1OCC2CCCCC12,,A synthetic polymer system with repeatable chemical recyclability,JPCA DB,
3,L-Lactide,Yes,,,dioxane,-25,,ss,ROP,C[C@H]1C(=O)O[C@H](C(=O)O1)C,C[C@@H]1OC(=O)[C@H](C)OC1=O,,Aliphatic Polyester Block Polymer Design,,
8,L-Lactide,Yes,,,toluene,-43.8,27,ss,ROP,C[C@H]1C(=O)O[C@H](C(=O)O1)C,C[C@@H]1OC(=O)[C@H](C)OC1=O,,Aliphatic Polyester Block Polymer Design,,
9,L-Lactide,Yes,,,,-40.7,27,la,ROP,C[C@H]1C(=O)O[C@H](C(=O)O1)C,C[C@@H]1OC(=O)[C@H](C)OC1=O,,Aliphatic Polyester Block Polymer Design,,
361,(-)-menthone,Yes,,,toluene,-27.4,,ss,cationic,C[C@@H]1CC[C@H](C(=O)C1)C(C)C,CC(C)[C@@H]1CC[C@@H](C)CC1=O,,Aliphatic Polyester Block Polymer Design,,
403,deltaVL p-methyl,Yes,,,,-45,,la,ROP,C1C(C)COC(=O)C1,CC1CCC(=O)OC1,,Aliphatic Polyester Block Polymer Design,,
406,delta hexalactone,Yes,,,dichloromethane+toluene,-41.2,,ss,ROP,CC1CCCC(=O)O1,CC1CCCC(=O)O1,,Aliphatic Polyester Block Polymer Design,,
408,delta hexalactone,Yes,,,,-62,,la,ROP,CC1CCCC(=O)O1,CC1CCCC(=O)O1,,Aliphatic Polyester Block Polymer Design,,
412,deltaVL o-methyl,Yes,,,,-34,,la,ROP,C1CCOC(=O)C(C)1,CC1CCCOC1=O,,Aliphatic Polyester Block Polymer Design,,
429,alpha methyl 1[c]4-dioxan-2-one,Yes,,,toluene,-42,,ss,ROP,C1COC(=O)C(C)O1,CC1OCCOC1=O,,Aliphatic Polyester Block Polymer Design,,
447,deltaVL m-ethyl,Yes,,,,-55,,la,ROP,CCC1CCCC(=O)O1,CCC1CCCC(=O)O1,,Aliphatic Polyester Block Polymer Design,,
452,deltaVL m-propyl,Yes,,,,-60,,la,ROP,CCCC1CCCC(=O)O1,CCCC1CCCC(=O)O1,,Aliphatic Polyester Block Polymer Design,,
459,deltaVL m-butyl,Yes,,,,-55,,la,ROP,CCCCC1CCCC(=O)O1,CCCCC1CCCC(=O)O1,,Aliphatic Polyester Block Polymer Design,,
469,delta decalactone,Yes,,,,-57,,la,ROP,CCCCCC1CCCC(=O)O1,CCCCCC1CCCC(=O)O1,,Aliphatic Polyester Block Polymer Design,,
470,delta decalactone,Yes,,,,-54,,la,ROP,CCCCCC1CCCC(=O)O1,CCCCCC1CCCC(=O)O1,,Aliphatic Polyester Block Polymer Design,JPCA DB - 6 - 2 diff bulk expts,
480,deltaVL m-hexyl,Yes,,,,-58,,la,ROP,CCCCCCC1CCCC(=O)O1,CCCCCCC1CCCC(=O)O1,,Aliphatic Polyester Block Polymer Design,,
483,deltaVL m-heptyl,Yes,,,,-59,,la,ROP,CCCCCCCC1CCCC(=O)O1,CCCCCCCC1CCCC(=O)O1,,Aliphatic Polyester Block Polymer Design,,
484,deltaVL m-nonyl,Yes,,,,-55,,la,ROP,CCCCCCCCCC1CCCC(=O)O1,CCCCCCCCCC1CCCC(=O)O1,,Aliphatic Polyester Block Polymer Design,,
541,epsilon caprolactone,Yes,,,dichloromethane+toluene,-6,,ss,ROP,C1CCC(=O)OCC1,O=C1CCCCCO1,,Aliphatic Polyester Block Polymer Design,,
548,deltaVL,Yes,,,dichloromethane+toluene,-14.7,,ss,ROP,C1CCOC(=O)C1,O=C1CCCCO1,,Aliphatic Polyester Block Polymer Design,,
555,gamma butyrolactone,Yes,,,dichloromethane,-40,,la,ROP,C1CC(=O)OC1,O=C1CCCO1,,Aliphatic Polyester Block Polymer Design,,
560,beta propiolactone,Yes,,,,-75,,lc,ROP,C1COC1=O,O=C1CCO1,,Aliphatic Polyester Block Polymer Design,,
397,Literally called Ms,Yes,,,,-64.8,,ss,ROP,CC2(C)Oc1ccccc1COC2=O,CC1(C)Oc2ccccc2COC1=O,,Biobased High-Performance AromaticÐAliphatic Polyesters with Complete Recyclability,JPCA DB,
430,alpha methyl 1[c]4-dioxan-2-one,Yes,,,,-39.2,,la,ROP,C1COC(=O)C(C)O1,CC1OCCOC1=O,,Biodegradable poly(ester-ether)s: ring-opening polymerization of DL-3-methyl-14-dioxan-2-one using various initiator systems,,
401,(-)-menthide,Yes,,,,-27.4,,la,ROP,CC(C)C1CC(=O)OC(C)C1,CC1CC(C(C)C)CC(=O)O1,,Catalytic Polymerization of a Cyclic Ester Derived from a ÒCoolÓ Natural Precursor,JPCA DB,
404,menthone lactone,Yes,,,toluene,-27.4,,ss,ROP,CC1CCC(C(C)C)OC(=O)C1,CC1CCC(C(C)C)OC(=O)C1,,Catalytic Polymerization of a Cyclic Ester Derived from a ÒCoolÓ Natural Precursor,JPCA DB - is this an accidental repeat,
153,Vinylidene cpds,Yes,,,,-170.2888,25,gg,,,,,CHANGES OF ENTROPY AND HEAT CONTENT DURING POLYMERIZATION,,
201,Styrene,Yes,,,,-107.9472,27,lc,vinyl,C=CC1=CC=CC=C1,C=Cc1ccccc1,,CHANGES OF ENTROPY AND HEAT CONTENT DURING POLYMERIZATION,,
202,Styrene,Yes,,,,-116.5244,77,lc,vinyl,C=CC1=CC=CC=C1,C=Cc1ccccc1,,CHANGES OF ENTROPY AND HEAT CONTENT DURING POLYMERIZATION,,
203,Styrene,Yes,,,,-116.7336,25,lsm,vinyl,C=CC1=CC=CC=C1,C=Cc1ccccc1, photochemical,CHANGES OF ENTROPY AND HEAT CONTENT DURING POLYMERIZATION,,
204,Styrene,Yes,,,,-148.532,25,gg,vinyl,C=CC1=CC=CC=C1,C=Cc1ccccc1,,CHANGES OF ENTROPY AND HEAT CONTENT DURING POLYMERIZATION,,
205,Vinyl acetate,Yes,,,,-109.6208,25,lsm,,,,photochemical,CHANGES OF ENTROPY AND HEAT CONTENT DURING POLYMERIZATION,,
214,"Vinyl cpd (C,H,X) unconjugated",Yes,,,,-166.5232,25,gg,,,,,CHANGES OF ENTROPY AND HEAT CONTENT DURING POLYMERIZATION,,
504,benzothiocane2,Yes,,,dimethylformamide+dimethylsulfoxide,-31,,ss,misc,O=[N+](C1=CC(CC(OC)CCCS2)=C2C=C1)[O-],COC1CCCSc2ccc([N+](=O)[O-])cc2C1,,Chemically Recyclable Polymer System Based on Nucleophilic Aromatic Ring-Opening Polymerization,JPCA DB,
338,1[c]3-Dioxolane,Yes,,,,-67,25,lc,cationic,C1COCO1,C1COCO1,,Chemically recyclable thermoplastics from reversible-deactivation polymerization of cyclic acetals,JPCA DB,
585,BIL=,Yes,,,toluene,-58.3,,ss,ROMP,O=C1C2CC(O1)C=CC2,O=C1OC2C=CCC1C2,,Closing the One Monomer Two Polymers One Monomer Loop via Orthogonal (De)polymerization of a Lactone/Olefin Hybrid,,
586,BIL=,Yes,,,toluene,-88.7,,ss,ROP,O=C1C2CC(O1)C=CC2,O=C1OC2C=CCC1C2,,Closing the One Monomer Two Polymers One Monomer Loop via Orthogonal (De)polymerization of a Lactone/Olefin Hybrid,,
583,Pbil,Yes,,,toluene,-58.3,,ss,ROMP,O=C1OC2C=CCC1C2,O=C1OC2C=CCC1C2,,Closing the ÒOne Monomer_Two Polymers_One MonomerÓ Loop via Orthogonal (De)polymerization of a Lactone/Olefin Hybrid,JPCA DB,
584,pbil,Yes,,,toluene,-88.7,,ss,ROP,O=C1OC2C=CCC1C2,O=C1OC2C=CCC1C2,,Closing the ÒOne Monomer_Two Polymers_One MonomerÓ Loop via Orthogonal (De)polymerization of a Lactone/Olefin Hybrid,JPCA DB,
556,gamma butyrolactone,Yes,,,toluene,-39.6,,ss,ROP,C1CC(=O)OC1,O=C1CCCO1,,Completely recyclable biopolymers with linear and cyclic topologies via ring-opening polymerization of gammabutyrolactone,,
549,deltaVL,Yes,,,dichloromethane+toluene,-14.7,,ss,ROP,O=C1CCCCO1,O=C1CCCCO1,,"Controlled Ring-Opening Polymerization of Lactones and Lactides Initiated by Lanthanum Isopropoxide, 1",JPCA DB,
449,butyraldehyde,Yes,,,dichloromethane,-38.9,,ss,aldehyde,CCCC=O,CCCC=O,,Determination of ceiling temperature and thermodynamic properties of low ceiling temperature polyaldehydes,,
622,o-PHA,Yes,,,dichloromethane,-79.6,,ss,aldehyde,C1=CC=C(C(=C1)C=O)C=O,O=Cc1ccccc1C=O,,Determination of ceiling temperature and thermodynamic properties of low ceiling temperature polyaldehydes,,
426,2-methyl-1[c]3-dioxane-4-one (MDO),Yes,,,,-52,,la,ROP,O1C(C)OC(=O)CC1,CC1OCCC(=O)O1,,Divergent Mechanistic Avenues to an Aliphatic Polyesteracetal or Polyester from a Single Cyclic Esteracetal,,
579,,Yes,,,dimethyl sulfoxide,-71.5,,ss,ROP,O=C1N[C@H]2CCC[C@@H]1O2,O=C1N[C@H]2CCC[C@@H]1O2,,Equilibrium anionic polymerization of bicyclic oxalactam,JPCA DB,
492,"Heptamethyl-1,3-dioxa-5-aza-2,4,6-trisilacyclohexane",Yes,,,toluene,-18,,ss,cyclic,CN1[Si](C)(C)O[Si](C)(C)O[Si]1(C)C,CN1[Si](C)(C)O[Si](C)(C)O[Si]1(C)C,,Equilibrium Anionic Ring-Opening Polymerization of a Six-Membered Cyclosiloxazane,JPCA DB,
362,acetone,Yes,,,dichloromethane,-188.3,,ga,aldehyde,CC(=O)C,CC(C)=O,,Estimation of the ceiling temperature for the polymerization of acetone,,
154,(+) menthyl 2-acetamidoacrylate,Yes,,,toluene,103,,ss,vinyl,CC(C)C1CCC(C)CC1OC(C(NC(C)=O)=C)=O,C=C(NC(C)=O)C(=O)OC1CC(C)CCC1C(C)C,,Exceptional chiroptical behavior near ceiling temperature in free radical polymerization of menthyl 2-acetamidoacrylates,,
453,pthalaldehyde m4,Yes,,,dichloromethane,-12.1336,,ss,misc,O=CC1=CC(C#CCCCC)=C(C#CCCCC)C=C1C=O,CCCCC#Cc1cc(C=O)c(C=O)cc1C#CCCCC,,Functionalized and Degradable Polyphthalaldehyde Derivatives,,
485,pthalaldehyde m7,Yes,,,tetrachloroethane,-80.7512,,ss,misc,O=C(N1CCCCCCCC)C2=CC(C=O)=C(C=O)C=C2C1=O,CCCCCCCCN1C(=O)c2cc(C=O)c(C=O)cc2C1=O,,Functionalized and Degradable Polyphthalaldehyde Derivatives,,
500,pthalaldehyde m6,Yes,,,chloroform-D,-62.3416,,ss,misc,O=CC1=CC(C(OC)=O)=C(C(OC)=O)C=C1C=O,COC(=O)c1cc(C=O)c(C=O)cc1C(=O)OC,,Functionalized and Degradable Polyphthalaldehyde Derivatives,,
621,pthalaldehyde m8,Yes,,,tetrachloroethane,-84.1,,ss,misc,FC1=C(F)C(F)=C(F)C(C=O)=C1C=O,O=Cc1c(F)c(F)c(F)c(F)c1C=O,,Functionalized and Degradable Polyphthalaldehyde Derivatives,,
623,pthalaldehyde m5,Yes,,,dichloromethane,-49.8,,ss,misc,O=CC1=CC=CC=C1C=O,O=Cc1ccccc1C=O,,Functionalized and Degradable Polyphthalaldehyde Derivatives,,
240,NenepenTL,Yes,,,pyridine,-28.1,,ss,ROP,C=CCOCCOCCOCCOC(=O)NC1C(=O)SC1(C)C,C=CCOCCOCCOCCOC(=O)NC1C(=O)SC1(C)C,,Geminal Dimethyl Substitution Enables Controlled Polymerization of Penicillamine-Derived _-Thiolactones and Reversed Depolymerization,JPCA DB,
597,thioester,Yes,,,,-55.7,,la,ROP-S,O=C1S[C@@H]2CC[C@H]1C2,O=C1S[C@@H]2CC[C@H]1C2,,High-performance pan-tactic polythioesters with intrinsic crystallinity and chemical recyclability,JPCA DB - 10 - dup,
582,6-oxabicyclo[3.2.1]octan-7-one,Yes,,,toluene,-55.8,,ss,ROP,O=C1[C@H]2C[C@@H](O1)CCC2,O=C1O[C@H]2CCC[C@@H]1C2,,"Hybrid monomer design for unifying conflicting polymerizability, recyclability, and performance properties",,
589,5/7LM,Yes,,,toluene,-55.8,,ss,ROP,O=C1OC2CCCC1C2,O=C1OC2CCCC1C2,,"Hybrid monomer design for unifying conflicting polymerizability, recyclability, and performance properties",JPCA DB,
11,Cyclopent-2-en-1-yloxy(trimethyl)silane,Yes,,,toluene,-49.95,,ss,ROMP,C[Si](C)(OC1C=CCC1)C,C[Si](C)(C)OC1C=CCC1,,Investigating the effects of bulky allylic substituents on the regioregularity and thermodynamics of ROMP on cyclopentene,JPCA DB,
357,Tert-butyl-cyclopent-2-en-1-yloxy-dimethylsilane,Yes,,,toluene,-30,,ss,ROMP,C[Si](C(C)(C)C)(OC1C=CCC1)C,CC(C)(C)[Si](C)(C)OC1C=CCC1,,Investigating the effects of bulky allylic substituents on the regioregularity and thermodynamics of ROMP on cyclopentene,JPCA DB,
370,Cyclopent-2-en-1-yloxy(triethyl)silane,Yes,,,toluene,-80,,ss,ROMP,CC[Si](CC)(OC1C=CCC1)CC,CC[Si](CC)(CC)OC1C=CCC1,,Investigating the effects of bulky allylic substituents on the regioregularity and thermodynamics of ROMP on cyclopentene,JPCA DB,
0,L-lactide,Yes,,,chlorobenzene,-34,,ss,ROP,C[C@H]1C(=O)O[C@H](C(=O)O1)C,C[C@@H]1OC(=O)[C@H](C)OC1=O,,Like Recycles Like: Selective Ring-Closing Depolymerization of Poly(L-Lactic Acid) to L-Lactide,,
1,L-lactide,Yes,,,dimethyl sulfoxide,-22,,ss,ROP,C[C@H]1C(=O)O[C@H](C(=O)O1)C,C[C@@H]1OC(=O)[C@H](C)OC1=O,,Like Recycles Like: Selective Ring-Closing Depolymerization of Poly(L-Lactic Acid) to L-Lactide,,
2,L-lactide,Yes,,,dimethylformamide,-43,,ss,ROP,C[C@H]1C(=O)O[C@H](C(=O)O1)C,C[C@@H]1OC(=O)[C@H](C)OC1=O,,Like Recycles Like: Selective Ring-Closing Depolymerization of Poly(L-Lactic Acid) to L-Lactide,,
4,L-lactide,Yes,,,dioxane,-25,,ss,ROP,C[C@H]1C(=O)O[C@H](C(=O)O1)C,C[C@@H]1OC(=O)[C@H](C)OC1=O,,Like Recycles Like: Selective Ring-Closing Depolymerization of Poly(L-Lactic Acid) to L-Lactide,,
6,L-lactide,Yes,,,gamma valerolactone,-46,,ss,ROP,C[C@H]1C(=O)O[C@H](C(=O)O1)C,C[C@@H]1OC(=O)[C@H](C)OC1=O,,Like Recycles Like: Selective Ring-Closing Depolymerization of Poly(L-Lactic Acid) to L-Lactide,,
415,sub thiolactone,Yes,,,chloroform-D,-26.2,,ss,ROP-S,O=C1SCCCC1C,CC1CCCSC1=O,,Modulating Polymerization Thermodynamics ofThiolactones Through Substituent andHeteroatom Incorporation,JPCA DB,
434,sub thiolactone,Yes,,,,-39.9,,la,ROP,CC1SCCSC1=O,CC1SCCSC1=O,,Modulating Polymerization Thermodynamics ofThiolactones Through Substituent andHeteroatom Incorporation,JPCA DB-dup,
554,dVL with S instead of O,Yes,,,tetrahydrofuran,-23.7,,ss,ROP,O=C1CCCCS1,O=C1CCCCS1,,Modulating Polymerization Thermodynamics ofThiolactones Through Substituent andHeteroatom Incorporation,JPCA DB,
577,#6,Yes,,,,-30.8,,la,ROP,O=C1CSCCS1,O=C1CSCCS1,,Modulating Polymerization Thermodynamics ofThiolactones Through Substituent andHeteroatom Incorporation,JPCA DB,
433,Thiolactied M1,Yes,,,toluene,-23.9,,ss,ROP,CC1SC(=O)C(C)SC1=O,CC1SC(=O)C(C)SC1=O,,"O-to-S SubstitutionEnablesDovetailingConflictingCyclizabil ity, Polymerizability,andRecyclability:Dithiolactonevs.Dilactone",JPCA DB,
498,m2a,Yes,,,xylene,-15.0624,,ss,ROMP,COC(=O)C2[C@H]1CC/C=C\CC[C@@H]1C2C(=O)OC,COC(=O)C1C(C(=O)OC)[C@H]2CC/C=C\CC[C@H]12,,Olefin metathesis-based chemically recyclable polymers enabled by fused-ring monomers,JPCA DB,
511,fused cyclooctene m4,Yes,,,xylene,-20.5,,ss,ROMP,O=C3[C@@H]2[C@H]1CC/C=C\CC[C@@H]1[C@@H]2C(=O)N3c4ccccc4,O=C1[C@@H]2[C@H]3CC/C=C\CC[C@@H]3[C@@H]2C(=O)N1c1ccccc1,,Olefin metathesis-based chemically recyclable polymers enabled by fused-ring monomers,JPCA DB,
534,Heptanolactone,Yes,,,toluene,-33.5,,ss,ROP,O=C1OCCCCCC1,O=C1CCCCCCO1,,"Organocatalytic ring-opening polymerization of thionolactones: anything O can do, S can do better",JPCA DB,
5,L-Lactide,Yes,,,dioxane,-41,105,ss,ROP,C[C@H]1C(=O)O[C@H](C(=O)O1)C,C[C@@H]1OC(=O)[C@H](C)OC1=O,,PHB,,
7,L-Lactide,Yes,,,nitrobenzene,-25,40,ss,ROP,C[C@H]1C(=O)O[C@H](C(=O)O1)C,C[C@@H]1OC(=O)[C@H](C)OC1=O,,PHB,,
12,2-Oxo-1 [c]3 [c]2-dioxaphosphorinane[c] 2 alkoxy- R = trimethyl silyl,Yes,,,dichloromethane,6,100,ss,cationic,C[Si](C)(C)OP1(=O)OCCCO1,C[Si](C)(C)OP1(=O)OCCCO1,,PHB,,
13,1[c]3-Disilacyclobutane[c] 1[c]1[c]3[c]3-tetramethyl-,Yes,,,,-18.1,25,lc,cationic,C[Si]1(C)C[Si](C)(C)C1,C[Si]1(C)C[Si](C)(C)C1,,PHB,,
14,1 -Silacyclobutane[c] 1[c]1 -dimethyl-,Yes,,,,-71.2,25,lc,cationic,C[Si]1(CCC1)C,C[Si]1(C)CCC1,,PHB,,
15,1 -Silacyclobutane[c] 1[c]1 -dimethyl-,Yes,,,,-85.4,25,lc',cationic,C[Si]1(CCC1)C,C[Si]1(C)CCC1,,PHB,,
16,Cyclotetrasiloxane[c] octamethyl-,Yes,,,,190,77,lc,cationic,C[Si]1(O[Si](O[Si](O[Si](O1)(C)C)(C)C)(C)C)C,C[Si]1(C)O[Si](C)(C)O[Si](C)(C)O[Si](C)(C)O1,,PHB,,
17,Cyclotetrasiloxane[c] octamethyl-,Yes,,,,194.4,25,lc,cationic,C[Si]1(O[Si](O[Si](O[Si](O1)(C)C)(C)C)(C)C)C,C[Si]1(C)O[Si](C)(C)O[Si](C)(C)O[Si](C)(C)O1,,PHB,,
18,Cyclotetrasiloxane[c] octamethyl-,Yes,,,,-20.9,,ls,cationic,C[Si]1(O[Si](O[Si](O[Si](O1)(C)C)(C)C)(C)C)C,C[Si]1(C)O[Si](C)(C)O[Si](C)(C)O[Si](C)(C)O1,,PHB,,
19,Cyclotrisiloxane[c] 1[c]1[c]3[c]3[c]5 [c]5-hexamethyl,Yes,,,,-3.03,77,lc,cationic,C[Si]1(O[Si](O[Si](O1)(C)C)(C)C)C,C[Si]1(C)O[Si](C)(C)O[Si](C)(C)O1,,PHB,,
20,Cyclotrisiloxane[c] 1[c]1[c]3[c]3[c]5 [c]5-hexamethyl,Yes,,,,51,25,c'c,cationic,C[Si]1(O[Si](O[Si](O1)(C)C)(C)C)C,C[Si]1(C)O[Si](C)(C)O[Si](C)(C)O1,,PHB,,
21,1 -Silacyclobutane[c] 1-phenyl[c] 1-methyl-,Yes,,,,-57.4,25,lc,cationic,C[Si]1(CCC1)C2=CC=CC=C2,C[Si]1(c2ccccc2)CCC1,,PHB,,
22,5-Trimethylsilyl-2-norbornylene,Yes,,,Overcooled monomer,-48,-73,cc,ROMP,C[Si](C)(C)C1CC2C=CC1C2,C[Si](C)(C)C1CC2C=CC1C2,,PHB,,
23,5-Trimethylsilyl-2-norbornylene,Yes,,,Overcooled monomer,-13,-173,cc,ROMP,C[Si](C)(C)C1CC2C=CC1C2,C[Si](C)(C)C1CC2C=CC1C2,,PHB,,
24,5-Trimethylsilyl-2-norbornylene,Yes,,,,-14,-73,c'c,ROMP,C[Si](C)(C)C1CC2C=CC1C2,C[Si](C)(C)C1CC2C=CC1C2,,PHB,,
25,5-Trimethylsilyl-2-norbornylene,Yes,,,,-4,-173,c'c,ROMP,C[Si](C)(C)C1CC2C=CC1C2,C[Si](C)(C)C1CC2C=CC1C2,,PHB,,
26,5-Trimethylsilyl-2-norbornylene,Yes,,,,-70,25,lc,ROMP,C[Si](C)(C)C1CC2C=CC1C2,C[Si](C)(C)C1CC2C=CC1C2,,PHB,,
27,5-Trimethylsilyl-2-norbornylene,Yes,,,,-81,107,lc,ROMP,C[Si](C)(C)C1CC2C=CC1C2,C[Si](C)(C)C1CC2C=CC1C2,,PHB,,
28,2-Butene[c] trans,Yes,,,Isotactic polymer,-10,-173,c'c,vinyl,C/C=C/C,C/C=C/C,,PHB,,
29,2-Butene[c] trans,Yes,,,Isotactic polymer,-17,-173,c'c',vinyl,C/C=C/C,C/C=C/C,,PHB,,
30,2-Butene[c] trans,Yes,,,Isotactic polymer,-194,25,gc,vinyl,C/C=C/C,C/C=C/C,,PHB,,
31,2-Butene[c] trans,Yes,,,Isotactic polymer,-170,227,gl,vinyl,C/C=C/C,C/C=C/C,,PHB,,
32,2-Butene[c] trans,Yes,,,Isotactic polymer,-193,127,gc',vinyl,C/C=C/C,C/C=C/C,,PHB,,
33,2-Butene[c] trans,Yes,,,Isotactic polymer,-195,25,gc',vinyl,C/C=C/C,C/C=C/C,,PHB,,
34,2-Butene[c] trans,Yes,,,Isotactic polymer,-175,127,gc,vinyl,C/C=C/C,C/C=C/C,,PHB,,
35,2-Butene[c] trans,Yes,,,Isotactic polymer,-93,-73,lc,vinyl,C/C=C/C,C/C=C/C,,PHB,,
36,2-Butene[c] trans,Yes,,,Isotactic polymer,-100,-73,lc',vinyl,C/C=C/C,C/C=C/C,,PHB,,
37,2-Butene[c] trans,Yes,,,,-159,25,gg,vinyl,C/C=C/C,C/C=C/C,,PHB,,
38,2-Butene[c] trans,Yes,,,,-100,25,lc,vinyl,C/C=C/C,C/C=C/C,,PHB,,
39,trans-4-methyl-2-Pentene,Yes,,,,-194,227,gc,vinyl,C/C=C/C(C)C,C/C=C/C(C)C,,PHB,,
40,trans-4-methyl-2-Pentene,Yes,,,,-202,127,gc,vinyl,C/C=C/C(C)C,C/C=C/C(C)C,,PHB,,
41,trans-4-methyl-2-Pentene,Yes,,,,-216,127,gc',vinyl,C/C=C/C(C)C,C/C=C/C(C)C,,PHB,,
42,trans-4-methyl-2-Pentene,Yes,,,,-214,227,gc',vinyl,C/C=C/C(C)C,C/C=C/C(C)C,,PHB,,
43,trans-4-methyl-2-Pentene,Yes,,,,-182,327,gl,vinyl,C/C=C/C(C)C,C/C=C/C(C)C,,PHB,,
44,trans-4-methyl-2-Pentene,Yes,,,,-130,25,lc',vinyl,C/C=C/C(C)C,C/C=C/C(C)C,,PHB,,
45,trans-4-methyl-2-Pentene,Yes,,,,-130,25,lc,vinyl,C/C=C/C(C)C,C/C=C/C(C)C,,PHB,,
46,trans-2-Pentene,Yes,,,,-14,-173,c'c,vinyl,CC/C=C/C,C/C=C/CC,,PHB,,
47,trans-2-Pentene,Yes,,,,-18,-173,c'c',vinyl,CC/C=C/C,C/C=C/CC,,PHB,,
48,trans-2-Pentene,Yes,,,,-194,127,gl,vinyl,CC/C=C/C,C/C=C/CC,,PHB,,
49,trans-2-Pentene,Yes,,,,-186,227,gl,vinyl,CC/C=C/C,C/C=C/CC,,PHB,,
50,trans-2-Pentene,Yes,,,,-102,-73,lc,vinyl,CC/C=C/C,C/C=C/CC,,PHB,,
51,trans-2-Pentene,Yes,,,,-118,25,lc,vinyl,CC/C=C/C,C/C=C/CC,,PHB,,
52,trans-2-Pentene,Yes,,,,-111,-73,lc',vinyl,CC/C=C/C,C/C=C/CC,,PHB,,
53,trans-2-Pentene,Yes,,,,-127,25,lc',vinyl,CC/C=C/C,C/C=C/CC,,PHB,,
54,2-Butene[c] cis,Yes,,,Isotactic polymer,-14,-173,c'c,vinyl,C/C=C\C,C/C=C\C,,PHB,,
55,2-Butene[c] cis,Yes,,,Isotactic polymer,-21,-173,c'c',vinyl,C/C=C\C,C/C=C\C,,PHB,,
56,2-Butene[c] cis,Yes,,,Isotactic polymer,-190,25,gc,vinyl,C/C=C\C,C/C=C\C,,PHB,,
57,2-Butene[c] cis,Yes,,,Isotactic polymer,-179,127,gc,vinyl,C/C=C\C,C/C=C\C,,PHB,,
58,2-Butene[c] cis,Yes,,,Isotactic polymer,-201,25,gc',vinyl,C/C=C\C,C/C=C\C,,PHB,,
59,2-Butene[c] cis,Yes,,,Isotactic polymer,-196,127,gc',vinyl,C/C=C\C,C/C=C\C,,PHB,,
60,2-Butene[c] cis,Yes,,,Isotactic polymer,-172,227,gl,vinyl,C/C=C\C,C/C=C\C,,PHB,,
61,2-Butene[c] cis,Yes,,,Isotactic polymer,-106,-73,lc',vinyl,C/C=C\C,C/C=C\C,,PHB,,
62,2-Butene[c] cis,Yes,,,Isotactic polymer,-99,-73,lc,vinyl,C/C=C\C,C/C=C\C,,PHB,,
63,2-Butene[c] cis,Yes,,,,-163,25,gg,vinyl,C/C=C\C,C/C=C\C,,PHB,,
64,2-Butene[c] cis,Yes,,,,-104,25,lc,vinyl,C/C=C\C,C/C=C\C,,PHB,,
65,cis-4-Methyl-2-Pentene,Yes,,,,-183,327,gl,vinyl,C/C=C\C(C)C,C/C=C\C(C)C,,PHB,,
66,cis-4-Methyl-2-Pentene,Yes,,,,-215,227,gc',vinyl,C/C=C\C(C)C,C/C=C\C(C)C,,PHB,,
67,cis-4-Methyl-2-Pentene,Yes,,,,-215,227,gc,vinyl,C/C=C\C(C)C,C/C=C\C(C)C,,PHB,,
68,cis-4-Methyl-2-Pentene,Yes,,,,-205,127,gc,vinyl,C/C=C\C(C)C,C/C=C\C(C)C,,PHB,,
69,cis-4-Methyl-2-Pentene,Yes,,,,-220,127,gc',vinyl,C/C=C\C(C)C,C/C=C\C(C)C,,PHB,,
70,cis-4-Methyl-2-Pentene,Yes,,,,-134,25,lc',vinyl,C/C=C\C(C)C,C/C=C\C(C)C,,PHB,,
71,cis-4-Methyl-2-Pentene,Yes,,,,-134,25,lc,vinyl,C/C=C\C(C)C,C/C=C\C(C)C,,PHB,,
72,2-Pentene[c] cis,Yes,,,,-16,-173,c'c,vinyl,CC/C=C\C,C/C=C\CC,,PHB,,
73,2-Pentene[c] cis,Yes,,,,-20,173,c'c',vinyl,CC/C=C\C,C/C=C\CC,,PHB,,
74,2-Pentene[c] cis,Yes,,,,-185,227,gl,vinyl,CC/C=C\C,C/C=C\CC,,PHB,,
75,2-Pentene[c] cis,Yes,,,,-195,127,gl,vinyl,CC/C=C\C,C/C=C\CC,,PHB,,
76,2-Pentene[c] cis,Yes,,,,-111,-73,lc,vinyl,CC/C=C\C,C/C=C\CC,,PHB,,
77,2-Pentene[c] cis,Yes,,,,-120,25,lc,vinyl,CC/C=C\C,C/C=C\CC,,PHB,,
78,2-Pentene[c] cis,Yes,,,,-114,-73,lc',vinyl,CC/C=C\C,C/C=C\CC,,PHB,,
79,2-Pentene[c] cis,Yes,,,,-129,25,lc',vinyl,CC/C=C\C,C/C=C\CC,,PHB,,
83,Ethylene,Yes,,,Isotactic poly(-1-butene),-66,-173,c'c',vinyl,C=C,C=C,,PHB,,
84,Ethylene,Yes,,,Isotactic poly(-1-butene),-59,-173,c'c,vinyl,C=C,C=C,,PHB,,
85,Ethylene,Yes,,,Isotactic poly(-1-butene),-311,227,gl,vinyl,C=C,C=C,,PHB,,
86,Ethylene,Yes,,,Isotactic poly(-1-butene),-336,25,gc',vinyl,C=C,C=C,,PHB,,
87,Ethylene,Yes,,,Isotactic poly(-1-butene),-334,127,gc',vinyl,C=C,C=C,,PHB,,
88,Ethylene,Yes,,,,-172,25,gc’,vinyl,C=C,C=C,,PHB,,
89,Ethylene,Yes,,,100% Cryst. polymer,-174,25,gc’,Vinyl,C=C,C=C,,PHB,,
90,Ethylene,Yes,,,Isotactic poly(-1-butene),-338,-73,gc',vinyl,C=C,C=C,,PHB,,
91,Ethylene,Yes,,,Isotactic poly(-1-butene),-317,127,gc,vinyl,C=C,C=C,,PHB,,
92,Ethylene,Yes,,,Isotactic poly(-1-butene),-325,25,gc,vinyl,C=C,C=C,,PHB,,
93,Ethylene,Yes,,,Isotactic poly(-1-butene),-331,-73,gc,vinyl,C=C,C=C,,PHB,,
94,Ethylene,Yes,,,,142,25,gg,vinyl,C=C,C=C,,PHB,,
95,Ethylene,Yes,,,,155,25,gc,vinyl,C=C,C=C,,PHB,,
96,Ethylene,Yes,,,,158,25,gc,vinyl,C=C,C=C,,PHB,,
98,1-Butene,Yes,,,Isotactic polymer,-75,173,lc’,vinyl,CCC=C,C=CCC,,PHB,vinyl,
99,1-Butene,Yes,,,Isotactic polymer,-69,-173,lc,vinyl,CCC=C,C=CCC,,PHB,vinyl,
100,1-Butene,Yes,,,Isotactic polymer,-114,-73,lc’,vinyl,CCC=C,C=CCC,,PHB,vinyl,
101,1-Butene,Yes,,,Isotactic polymer,-107,-73,Lc,vinyl,CCC=C,C=CCC,,PHB,vinyl,
102,1-Butene,Yes,,,,-166,25,gg,vinyl,CCC=C,C=CCC,,PHB,vinyl,
103,1-Butene,Yes,,,Isotactic polymer,-213,25,gc’,vinyl,CCC=C,C=CCC,,PHB,vinyl,
104,1-Butene,Yes,,,Isotactic polymer,-193,25,gc,vinyl,CCC=C,C=CCC,,PHB,vinyl,
105,1-Butene,Yes,,,,-113,25,lc,vinyl,CCC=C,C=CCC,,PHB,vinyl,
106,1-Butene,Yes,,,Isotactic polymer,-112,25,lc,vinyl,CCC=C,C=CCC,,PHB,vinyl,
107,1-Butene,Yes,,,100% Cryst. isotactic,-141,25,lc’,vinyl,CCC=C,C=CCC,,PHB,vinyl,
108,1-Butene,Yes,,,Isotactic polymer,-204,127,gc’,vinyl,CCC=C,C=CCC,,PHB,vinyl,
109,1-Butene,Yes,,,Isotactic polymer,-187,127,gc,vinyl,CCC=C,C=CCC,,PHB,vinyl,
110,1-Butene,Yes,,,Isotactic polymer,-182,227,Gl,vinyl,CCC=C,C=CCC,,PHB,vinyl,
111,Methacrylic acid,Yes,,,,-146,80,ss,acrylate,CC(=C)C(=O)O,C=C(C)C(=O)O,,PHB,,
112,Methyl methacrylate,Yes,,,o-Dichlorobenzene,-130,127,ss,acrylate,CC(=C)C(=O)OC,C=C(C)C(=O)OC,,PHB,,
113,Methyl methacrylate,Yes,,,,-24.1,-73,c'c,acrylate,CC(=C)C(=O)OC,C=C(C)C(=O)OC,,PHB,,
114,Methyl methacrylate,Yes,,,,-9,-173,c'c,acrylate,CC(=C)C(=O)OC,C=C(C)C(=O)OC,,PHB,,
115,Methyl methacrylate deuterated,Yes,,,,-26,-73,c'c,acrylate,CC(=C)C(=O)OC,C=C(C)C(=O)OC,,PHB,,
116,Methyl methacrylate deuterated,Yes,,,,-10,-173,c'c,acrylate,CC(=C)C(=O)OC,C=C(C)C(=O)OC,,PHB,,
117,Methyl methacrylate,Yes,,,,-117,127,lc,acrylate,CC(=C)C(=O)OC,C=C(C)C(=O)OC,,PHB,,
118,Methyl methacrylate,Yes,,,,-40,-63,c’c',acrylate,CC(=C)C(=O)OC,C=C(C)C(=O)OC,,PHB,,
119,Methyl methacrylate,Yes,,,,-105,25,lc,acrylate,CC(=C)C(=O)OC,C=C(C)C(=O)OC,,PHB,,
120,Methyl methacrylate,Yes,,,,-115,77,lc,acrylate,CC(=C)C(=O)OC,C=C(C)C(=O)OC,,PHB,,
121,Methyl methacrylate deuterated,Yes,,,,-110,25,lc,acrylate,CC(=C)C(=O)OC,C=C(C)C(=O)OC,,PHB,,
122,Methyl methacrylate deuterated,Yes,,,,-118,77,lc,acrylate,CC(=C)C(=O)OC,C=C(C)C(=O)OC,,PHB,,
125,Methacryloyloxy benzoic acid,Yes,,,,2,-173,c’c,vinyl,CC(=C)C(=O)OC1=CC=CC=C1C(=O)O,C=C(C)C(=O)Oc1ccccc1C(=O)O,,PHB,,
126,Methacryloyloxy benzoic acid,Yes,,,,-5,-73,c’c,vinyl,CC(=C)C(=O)OC1=CC=CC=C1C(=O)O,C=C(C)C(=O)Oc1ccccc1C(=O)O,,PHB,,
127,Methacryloyloxy benzoic acid,Yes,,,,-8,25,c’c,vinyl,CC(=C)C(=O)OC1=CC=CC=C1C(=O)O,C=C(C)C(=O)Oc1ccccc1C(=O)O,,PHB,,
128,Methacryloyloxy benzoic acid,Yes,,,,-85,227,ll,vinyl,CC(=C)C(=O)OC1=CC=CC=C1C(=O)O,C=C(C)C(=O)Oc1ccccc1C(=O)O,,PHB,,
129,Ethyl methacrylate,Yes,,,,-126,120,lc,acrylate,CCOC(=O)C(=C)C,C=C(C)C(=O)OCC,,PHB,,
130,Methacrylonitrile,Yes,,,benzonitrile,-151,127,ss,acrylate,CC(=C)C#N,C=C(C)C#N,,PHB,,
131,Naphthalene[c] 2-isopropenyl,Yes,,,tetrahydrofuran,-122,-5,ss,vinyl,CC(=C)C1=CC2=CC=CC=C2C=C1,C=C(C)c1ccc2ccccc2c1,,PHB,,
132,Naphthalene[c] 2-isopropenyl,Yes,,,"toluene, N78",-125,10,ss,vinyl,CC(=C)C1=CC2=CC=CC=C2C=C1,C=C(C)c1ccc2ccccc2c1,,PHB,,
133,alpha-methyl styrene,Yes,,,cyclohexane,-163.3,22,ss,vinyl,CC(=C)C1=CC=CC=C1,C=C(C)c1ccccc1,,PHB,,
134,alpha-methyl styrene,Yes,,,"n-heptane, N78",-51,-10,ss,vinyl,CC(=C)C1=CC=CC=C1,C=C(C)c1ccccc1,,PHB,,
135,alpha-methyl styrene,Yes,,,tetrahydrofuran,-130,-20,ss,vinyl,CC(=C)C1=CC=CC=C1,C=C(C)c1ccccc1,,PHB,,
136,alpha-methyl styrene,Yes,,,"toluene, N78",-47,-10,ss,vinyl,CC(=C)C1=CC=CC=C1,C=C(C)c1ccccc1,,PHB,,
138,alpha-methyl styrene,Yes,,,,-110,20,lc,vinyl,CC(=C)C1=CC=CC=C1,C=C(C)c1ccccc1,,PHB,,
139,Pyridine[c] 2-isopropenyl-,Yes,,,tetrahydrofuran,-70,20,ss,vinyl,CC(=C)C1=CC=CC=N1,C=C(C)c1ccccn1,,PHB,,
140,"Oxazole[c] 2-isopropenyl-, 4, 5 -dimethyl",Yes,,,tetrahydrofuran,-96,20,ss,vinyl,C=C(C)c1ncco1,C=C(C)c1ncco1,,PHB,,
141,2-isopropenyl-thiazole,Yes,,,tetrahydrofuran,-69,20,ss,vinyl,CC(=C)C1=NC=CS1,C=C(C)c1nccs1,,PHB,,
142,2-ethylacrylic acid[c] methyl ester,Yes,,,,-105,87,ls,acrylate,C=C(CC)C(OC)=O,C=C(CC)C(=O)OC,,PHB,,
143,Vinylidene chloride,Yes,,,,-25,-173,c'c,vinyl,C=C(Cl)Cl,C=C(Cl)Cl,,PHB,,
144,Vinylidene chloride,Yes,,,,-31,-173,c'c',vinyl,C=C(Cl)Cl,C=C(Cl)Cl,,PHB,,
145,Vinylidene chloride,Yes,,,,-198,127,gc',vinyl,C=C(Cl)Cl,C=C(Cl)Cl,,PHB,,
146,Vinylidene chloride,Yes,,,,-201,25,gc',vinyl,C=C(Cl)Cl,C=C(Cl)Cl,,PHB,,
147,Vinylidene chloride,Yes,,,,-191,127,gc,vinyl,C=C(Cl)Cl,C=C(Cl)Cl,,PHB,,
148,Vinylidene chloride,Yes,,,,-195,25,gc,vinyl,C=C(Cl)Cl,C=C(Cl)Cl,,PHB,,
149,Vinylidene chloride,Yes,,,,-97,-73,lc',vinyl,C=C(Cl)Cl,C=C(Cl)Cl,,PHB,,
150,Vinylidene chloride,Yes,,,,-106,25,lc,vinyl,C=C(Cl)Cl,C=C(Cl)Cl,,PHB,,
151,Vinylidene chloride,Yes,,,,-91,-73,lc,vinyl,C=C(Cl)Cl,C=C(Cl)Cl,,PHB,,
152,Vinylidene chloride,Yes,,,,-112,25,lc',vinyl,C=C(Cl)Cl,C=C(Cl)Cl,,PHB,,
155,Silane[c] trimethyl vinyl-,Yes,,,,-109.5,25,lc,vinyl,C[Si](C)(C)(C=C),C=C[Si](C)(C)C,,PHB,,
156,Silane[c] dimethyl phenyl vinyl-,Yes,,,,-127.5,25,lc,vinyl,C[Si](C)(C=C)C1=CC=CC=C1,C=C[Si](C)(C)c1ccccc1,,PHB,,
157,Silane[c] benzyl dimethyl vinyl-,Yes,,,,-107.3,77,lc,vinyl,C[Si](C)(CC1=CC=CC=C1)C=C,C=C[Si](C)(C)Cc1ccccc1,,PHB,,
158,Silane[c] benzyl dimethyl vinyl-,Yes,,,,-83.5,25,lc,vinyl,C[Si](C)(CC1=CC=CC=C1)C=C,C=C[Si](C)(C)Cc1ccccc1,,PHB,,
159,Silane[c] benzyl dimethyl vinyl-,Yes,,,,-0.7,-73,c'c',vinyl,C[Si](C)(CC1=CC=CC=C1)C=C,C=C[Si](C)(C)Cc1ccccc1,,PHB,,
160,a-Methylene pentanolactone or a-Methylene dvl,Yes,,,dimethylformamide,-108.8,83,ss,vinyl,C=C1CCCOC1=O,C=C1CCCOC1=O,,PHB,,
163,Propene,Yes,,,Syndiotactic polymer,-191,25,gc',vinyl,CC=C,C=CC,,PHB,,
164,Propene,Yes,,,100% Cryst. isotactic,-136,25,lc',vinyl,CC=C,C=CC,,PHB,,
165,Propene,Yes,,,Atactic polymer,-116,25,lc,vinyl,CC=C,C=CC,,PHB,,
166,Propene,Yes,,,Isotactic polymer,-116,25,lc,vinyl,CC=C,C=CC,,PHB,,
167,Propene,Yes,,,Isotactic polymer,-205,25,gc',vinyl,CC=C,C=CC,,PHB,,
168,Propene,Yes,,,,-167,25,gg,vinyl,CC=C,C=CC,,PHB,,
169,Propene,Yes,,,,-113,25,lc,vinyl,CC=C,C=CC,,PHB,,
170,Isoprene,Yes,,,,-101,25,lc,misc,CC(=C)C=C,C=CC(=C)C,,PHB,,
171,Acrylonitrile-ethylester,Yes,,,,-107,177,lc,acrylate,,,,PHB,,
172,Acrylonitrile-ethylester,Yes,,,,-104,127,lc,acrylate,,,,PHB,,
173,Acrylonitrile-ethylester,Yes,,,,-88,25,lc,acrylate,,,,PHB,,
174,Acrylonitrile-ethylester,Yes,,,,-3,-173,c’c,acrylate,,,,PHB,,
175,Acrylonitrile-n-decylester,Yes,,,,-155,127,lc,acrylate,,,,PHB,,
176,Acrylonitrile-n-decylester,Yes,,,,-141,25,lc,acrylate,,,,PHB,,
177,Acrylonitrile-n-decylester,Yes,,,,-8,-73,c’c,acrylate,,,,PHB,,
178,Acrylonitrile-n-decylester,Yes,,,,-4,173,c’c,acrylate,,,,PHB,,
179,Acrylonitrile-allylloxyethyl,Yes,,,,-60,57,lc,acrylate,,,,PHB,,
180,Acrylonitrile-allylloxyethyl,Yes,,,,-56,25,lc,acrylate,,,,PHB,,
181,Acrylonitrile-allylloxyethyl,Yes,,,,-29,-73,lc,acrylate,,,,PHB,,
182,Acrylonitrile-allylloxyethyl,Yes,,,,-16,-173,cc,acrylate,,,,PHB,,
183,Acrylonitrile-allylester,Yes,,,,-96,127,lc,acrylate,,,,PHB,,
184,Acrylonitrile-allylester,Yes,,,,-85,25,lc,acrylate,,,,PHB,,
185,Acrylonitrile-allylester,Yes,,,,-97,-8,lc,acrylate,,,,PHB,,
186,Acrylonitrile-allylester,Yes,,,,-24,-8,c’c,acrylate,,,,PHB,,
187,Acrylonitrile-allylester,Yes,,,,6,-173,c’c,acrylate,,,,PHB,,
188,Acrylonitrile,Yes,,,,-109,25,lc',acrylate,C=CC#N,C=CC#N,,PHB,,
189,1[c]3-Butadiene,Yes,,,,-84,25,lc,misc,C=CC=C,C=CC=C,,PHB,"1,4 polymn",
190,1[c]3-Butadiene,Yes,,,,-89,25,lc,misc,C=CC=C,C=CC=C,,PHB,,
192,Styrene[c] alpha-methyl[c] p-tert-butyl-,Yes,,,,-106.6,,ss,vinyl,CC(C)(C)C1=CC=C(C=C1)C=C,C=Cc1ccc(C(C)(C)C)cc1,,PHB,,
193,Styrene,Yes,,,,-149,25,gg,vinyl,C=CC1=CC=CC=C1,C=Cc1ccccc1,,PHB,,
194,Styrene,Yes,,,,-90,-23,lc,vinyl,C=CC1=CC=CC=C1,C=Cc1ccccc1,,PHB,,
195,Styrene,Yes,,,,-116,127,lc,vinyl,C=CC1=CC=CC=C1,C=Cc1ccccc1,,PHB,,
196,Styrene,Yes,,,,-104,25,lc,vinyl,C=CC1=CC=CC=C1,C=Cc1ccccc1,,PHB,,
197,Styrene,Yes,,,N26,-104,127,lc,vinyl,C=CC1=CC=CC=C1,C=Cc1ccccc1,,PHB,,
198,Styrene,Yes,,,Isotactic polymer,-105,25,lc,vinyl,C=CC1=CC=CC=C1,C=Cc1ccccc1,,PHB,,
199,Styrene,Yes,,,,-112,25,lc,vinyl,C=CC1=CC=CC=C1,C=Cc1ccccc1,,PHB,,
200,Styrene,Yes,,,100% Cryst. isotactic,-111,25,lc',vinyl,C=CC1=CC=CC=C1,C=Cc1ccccc1,,PHB,,
206,Vinyl cyclohexane,Yes,,,,-28,-173,c'c,vinyl,C=CC1CCCCC1,C=CC1CCCCC1,,PHB,,
207,Vinyl cyclohexane,Yes,,,,-3,173,c'c,vinyl,C=CC1CCCCC1,C=CC1CCCCC1,,PHB,,
208,Vinyl cyclohexane,Yes,,,,-95,-73,lc',vinyl,C=CC1CCCCC1,C=CC1CCCCC1,,PHB,,
209,Vinyl cyclohexane,Yes,,,,-75,-73,lc,vinyl,C=CC1CCCCC1,C=CC1CCCCC1,,PHB,,
210,Vinyl cyclohexane,Yes,,,,-120,25,lc',vinyl,C=CC1CCCCC1,C=CC1CCCCC1,,PHB,,
211,Vinyl cyclohexane,Yes,,,,-85,25,lc,vinyl,C=CC1CCCCC1,C=CC1CCCCC1,,PHB,,
212,Vinyl cyclohexane,Yes,,,,-136,127,lc’,vinyl,C=CC1CCCCC1,C=CC1CCCCC1,,PHB,,
213,Vinyl cyclohexane,Yes,,,,-102,127,lc,vinyl,C=CC1CCCCC1,C=CC1CCCCC1,,PHB,,
215,4-methyl-1-Pentene,Yes,,,,-28,-173,c'c',vinyl,CC(C)CC=C,C=CCC(C)C,,PHB,,
216,4-methyl-1-Pentene,Yes,,,,-28,-173,c'c,vinyl,CC(C)CC=C,C=CCC(C)C,,PHB,,
217,4-methyl-1-Pentene,Yes,,,,-214,127,gc',vinyl,CC(C)CC=C,C=CCC(C)C,,PHB,,
218,4-methyl-1-Pentene,Yes,,,,-188,227,gc,vinyl,CC(C)CC=C,C=CCC(C)C,,PHB,,
219,4-methyl-1-Pentene,Yes,,,,-209,227,gc',vinyl,CC(C)CC=C,C=CCC(C)C,,PHB,,
220,4-methyl-1-Pentene,Yes,,,,-176,327,gl,vinyl,CC(C)CC=C,C=CCC(C)C,,PHB,,
221,4-methyl-1-Pentene,Yes,,,Isotactic polymer,-216,25,gc’,vinyl,CC(C)CC=C,C=CCC(C)C,,PHB,,
222,4-methyl-1-Pentene,Yes,,,,-200,127,gc,vinyl,CC(C)CC=C,C=CCC(C)C,,PHB,,
223,4-methyl-1-Pentene,Yes,,,,-111,-73,lc,vinyl,CC(C)CC=C,C=CCC(C)C,,PHB,,
224,4-methyl-1-Pentene,Yes,,,,-131,25,lc,vinyl,CC(C)CC=C,C=CCC(C)C,,PHB,,
225,4-methyl-1-Pentene,Yes,,,,-111,-73,lc',vinyl,CC(C)CC=C,C=CCC(C)C,,PHB,,
226,4-methyl-1-Pentene,Yes,,,,-131,25,lc',vinyl,CC(C)CC=C,C=CCC(C)C,,PHB,,
227,1-Pentene,Yes,,,,-20,-173,c'c,vinyl,CCCC=C,C=CCCC,,PHB,,
228,1-Pentene,Yes,,,,-24,-173,c'c',vinyl,CCCC=C,C=CCCC,,PHB,,
229,1-Pentene,Yes,,,,-190,227,gl,vinyl,CCCC=C,C=CCCC,,PHB,,
230,1-Pentene,Yes,,,,-198,127,gl,vinyl,CCCC=C,C=CCCC,,PHB,,
231,1-Pentene,Yes,,,,-117,-73,lc',vinyl,CCCC=C,C=CCCC,,PHB,,
232,1-Pentene,Yes,,,,-133,25,lc',vinyl,CCCC=C,C=CCCC,,PHB,,
233,1-Pentene,Yes,,,,-124,25,lc,vinyl,CCCC=C,C=CCCC,,PHB,,
234,1-Pentene,Yes,,,,-113,-73,lc,vinyl,CCCC=C,C=CCCC,,PHB,,
235,1-Hexene,Yes,,,,-113,25,lc,vinyl,CCCCC=C,C=CCCCC,,PHB,,
236,1-Heptene,Yes,,,,-168,25,gg,vinyl,CCCCCC=C,C=CCCCCC,,PHB,,
241,Formaldehyde,Yes,,,,-124,25,gg,aldehyde,C=O,C=O,,PHB,,
242,Formaldehyde,Yes,,,N28,-169,25,gc’,aldehyde,C=O,C=O,,PHB,,
243,Formaldehyde,Yes,,,,-174,25,gc',aldehyde,C=O,C=O,,PHB,,
253,exo-3[c]4[c]5-Trithiatetracyclo-[5.5.1.0 26 .0 8[c]12]tridec-10-ene,Yes,,,"toluene, N76",-29.3,50,ss,ROMP,C1(SSS2)C2C3C(CC=C4)C4C1C3,C1=CC2C(C1)C1CC2C2SSSC12,,PHB,,
254,2-norbornylene,Yes,,,55% cis/45% tram Polymer Ns4,-50,-73,c'c,ROMP,C1CC2CC1C=C2,C1=CC2CCC1C2,,PHB,,
255,2-norbornylene,Yes,,,55% cis/45% tram Polymer Ns4,-5,173,c'c,ROMP,C1CC2CC1C=C2,C1=CC2CCC1C2,,PHB,,
256,2-norbornylene,Yes,,,55% cis/45% tram Polymer Ns4,-50,25,c'c,ROMP,C1CC2CC1C=C2,C1=CC2CCC1C2,,PHB,,
257,2-norbornylene,Yes,,,55% cis/45% tram Polymer Ns4,-58,57,lc,ROMP,C1CC2CC1C=C2,C1=CC2CCC1C2,,PHB,,
258,acenaphthylene,Yes,,,"toluene, N78",-98,60,ss,vinyl,C1=CC2=C3C(=C1)C=CC3=CC=C2,C1=Cc2cccc3cccc1c23,,PHB,,
262,Cyclobutene,Yes,,,cis-polybutadiene,-131,25,gl,ROMP,C1CC=C1,C1=CCC1,,PHB,,
263,Cyclobutene,Yes,,,cis-polybutadiene,-52,25,ll,ROMP,C1CC=C1,C1=CCC1,,PHB,,
266,Cyclopentene,Yes,,,cis-Polymer,-17,-173,c'c,ROMP,C1CC=CC1,C1=CCCC1,,PHB,,
267,Cyclopentene,Yes,,,cis-Polymer,-52,25,lc,ROMP,C1CC=CC1,C1=CCCC1,,PHB,,
268,Cyclopentene,Yes,,,&-polymer,-54,-73,lc,ROMP,C1CC=CC1,C1=CCCC1,,PHB,,
269,Cyclopentene,Yes,,,N66,-41.2,25,lc,ROMP,C1CC=CC1,C1=CCCC1,,PHB,,
271,Cyclopentene,Yes,,,trans-Polymer,-18,-173,c'c,ROMP,C1CC=CC1,C1=CCCC1,,PHB,,
273,Cyclopentene,Yes,,,trans-Polymer,-51,77,lc,ROMP,C1CC=CC1,C1=CCCC1,,PHB,,
274,Cyclopentene,Yes,,,trans-Polymer,-52,25,lc,ROMP,C1CC=CC1,C1=CCCC1,,PHB,,
275,Cyclopentene,Yes,,,trans-Polymer,-56,-13,lc,ROMP,C1CC=CC1,C1=CCCC1,,PHB,,
276,Cyclohexene,Yes,,,"toluene, N78",-17,-65,ss,ROMP,C1CCC=CC1,C1=CCCCC1,,PHB,,
277,Cycloheptene,Yes,,,"70% trans, 30% cis Polymer, Ns4",7,-173,c'c,ROMP,C1CCC=CCC1,C1=CCCCCC1,,PHB,,
278,Cycloheptene,Yes,,,"70% trans, 30% cis Polymer, Ns4",-6,-113,c'c',ROMP,C1CCC=CCC1,C1=CCCCCC1,,PHB,,
279,Cycloheptene,Yes,,,"70% trans, 30% cis Polymer, Ns4",-37,-13,c'c,ROMP,C1CCC=CCC1,C1=CCCCCC1,,PHB,,
280,Cycloheptene,Yes,,,"70% trans, 30% cis Polymer, Ns4",-56,-73,c’c',ROMP,C1CCC=CCC1,C1=CCCCCC1,,PHB,,
281,Cycloheptene,Yes,,,"70% tram, 30% cis Polymer",-37,25,lc,ROMP,C1CCC=CCC1,C1=CCCCCC1,,PHB,,
282,Cycloheptene,Yes,,,"70% tram, 30% cis Polymer",-70,25,lc',ROMP,C1CCC=CCC1,C1=CCCCCC1,,PHB,,
283,Cycloheptene,Yes,,,"70% tram, 30% cis Polymer",-36,51,ll,ROMP,C1CCC=CCC1,C1=CCCCCC1,,PHB,,
284,Cyclooctene,Yes,,,"48% tram, 52% cis Polymer",-10,-173,c'c',ROMP,C1CCCC=CCC1,C1=CCCCCCC1,,PHB,,
285,Cyclooctene,Yes,,,"48% tram, 52% cis Polymer",25,-173,c'c,ROMP,C1CCCC=CCC1,C1=CCCCCCC1,,PHB,,
286,Cyclooctene,Yes,,,"48% tram, 52% cis Polymer",-49,-13,c'c',ROMP,C1CCCC=CCC1,C1=CCCCCCC1,,PHB,,
287,Cyclooctene,Yes,,,"48% tram, 52% cis Polymer",-8,-73,c'c,ROMP,C1CCCC=CCC1,C1=CCCCCCC1,,PHB,,
288,Cyclooctene,Yes,,,"48% tram, 52% cis Polymer",-63,25,lc',ROMP,C1CCCC=CCC1,C1=CCCCCCC1,,PHB,,
289,Cyclooctene,Yes,,,"48% tram, 52% cis Polymer",-9,25,lc,ROMP,C1CCCC=CCC1,C1=CCCCCCC1,,PHB,,
290,Cyclooctene,Yes,,,"48% tram, 52% cis Polymer",-9,57,ll,ROMP,C1CCCC=CCC1,C1=CCCCCCC1,,PHB,,
291,Cyclopropane,Yes,,,,-69,25,lc,cyclic,C1CC1,C1CC1,,PHB,,
292,Cyclobutane,Yes,,,,-55,25,lc,cyclic,C1CCC1,C1CCC1,,PHB,,
293,Cyclopentane,Yes,,,,-43,25,lc,cationic,C1CCCC1,C1CCCC1,,PHB,,
294,Cyclohexane,Yes,,,,-11,25,lc',cyclic,C1CCCCC1,C1CCCCC1,,PHB,,
295,Cycloheptane,Yes,,,N25,-16,25,lc,cyclic,C1CCCCCC1,C1CCCCCC1,,PHB,,
296,Cyclooctane,Yes,,,N25,-3,25,lc,cationic,C1CCCCCCC1,C1CCCCCCC1,,PHB,,
297,Oxepane,Yes,,,N17,12.4,25,lc,cationic,C1CCCOCC1,C1CCCOCC1,,PHB,,
298,Oxepane,Yes,,,,-91.8,25,gc,cationic,C1CCCOCC1,C1CCCOCC1,,PHB,,
299,Tetrahydrofuran,Yes,,,diethyl ether,-87,40,ss,cationic,C1CCOC1,C1CCOC1,,PHB,,
300,Tetrahydrofuran,Yes,,,,-41,50,lc,cationic,C1CCOC1,C1CCOC1,,PHB,,
301,Tetrahydrofuran,Yes,,,N17,-16,25,lc,cationic,C1CCOC1,C1CCOC1,,PHB,,
302,Tetrahydrofuran,Yes,,,N61,-143,50,gc,cationic,C1CCOC1,C1CCOC1,,PHB,,
303,Tetrahydrofuran,Yes,,,,-177,25,gc’,cationic,C1CCOC1,C1CCOC1,,PHB,,
304,Tetrahydrofuran,Yes,,,,-139,25,gc,cationic,C1CCOC1,C1CCOC1,,PHB,,
305,Tetrahydrofuran,Yes,,,,-112,25,gc,cationic,C1CCOC1,C1CCOC1,,PHB,,
306,Tetrahydrofuran,Yes,,,,-67,40,ls,cationic,C1CCOC1,C1CCOC1,,PHB,,
307,Tetrahydrofuran,Yes,,,,-81.9,25,lc',cationic,C1CCOC1,C1CCOC1,,PHB,,
308,Tetrahydrofuran,Yes,,,,-100,25,lc',cationic,C1CCOC1,C1CCOC1,,PHB,,
309,Tetrahydrofuran,Yes,,,N16,-49,30,lc,cationic,C1CCOC1,C1CCOC1,,PHB,,
310,Tetrahydrofuran,Yes,,,,-62,25,lc,cationic,C1CCOC1,C1CCOC1,,PHB,,
311,Tetrahydrofuran,Yes,,,,-47.6,25,lc,cationic,C1CCOC1,C1CCOC1,,PHB,,
312,1[c]3-Dioxepane,Yes,,,benzene,-39,60,ss,cationic,C1CCOCOC1,C1CCOCOC1,,PHB,,
313,1[c]3-Dioxepane,Yes,,,"1,2-dichloroethane, N78",-43,0,ss,cationic,C1CCOCOC1,C1CCOCOC1,,PHB,,
314,1[c]3-Dioxepane,Yes,,,dichloromethane,-48,-30,ss,cationic,C1CCOCOC1,C1CCOCOC1,,PHB,,
315,1[c]3-Dioxepane,Yes,,,,-77,25,lc’,cationic,C1CCOCOC1,C1CCOCOC1,,PHB,,
316,1[c]3-Dioxepane,Yes,,,,-39,25,lc,cationic,C1CCOCOC1,C1CCOCOC1,,PHB,,
317,1[c]3-Dioxepane,Yes,,,"toluene, N78",-26,75,ss,cationic,C1CCOCOC1,C1CCOCOC1,,PHB,,
318,1[c]3-Dioxepane,Yes,,,N17,-25.1,25,lc,cationic,C1CCOCOC1,C1CCOCOC1,,PHB,,
319,1[c]3-Dioxepane,Yes,,,,-181,25,gc’,cationic,C1CCOCOC1,C1CCOCOC1,,PHB,,
320,1[c]3-Dioxepane,Yes,,,,-144,25,gc’,cationic,C1CCOCOC1,C1CCOCOC1,,PHB,,
321,1[c]3-Dioxepane,Yes,,,,-131.4,25,gc,cationic,C1CCOCOC1,C1CCOCOC1,,PHB,,
322,1[c]3-Dioxocane,Yes,,,N17,-10.2,25,lc,cationic,C1CCOCOCC1,C1CCOCOCC1,,PHB,,
323,1[c]3-Dioxocane,Yes,,,,-121.7,25,gc,cationic,C1CCOCOCC1,C1CCOCOCC1,,PHB,,
324,Ethyleneimine,Yes,,,,-51.9,27,lc,cationic,C1CN1,C1CN1,,PHB,,
325,Ethylene oxide,Yes,,,,-174,25,gc’,cationic,C1CO1,C1CO1,,PHB,,
326,Oxetane,Yes,,,N17,-68.4,25,lc,cationic,C1COC1,C1COC1,,PHB,,
327,Oxetane,Yes,,,,-162.7,25,gc,cationic,C1COC1,C1COC1,,PHB,,
328,1[c]3-Dioxolane,Yes,,,benzene,-59,30,ss,cationic,C1COCO1,C1COCO1,,PHB,,
329,1[c]3-Dioxolane,Yes,,,chlorometbane,-94,20,ss,cationic,C1COCO1,C1COCO1,,PHB,,
330,1[c]3-Dioxolane,Yes,,,dichloromethane,-78,0,ss,cationic,C1COCO1,C1COCO1,,PHB,,
332,1[c]3-Dioxolane,Yes,,,"toluene, N78",-22,75,ss,cationic,C1COCO1,C1COCO1,,PHB,,
333,1[c]3-Dioxolane,Yes,,,N14,-76,100,lc,cationic,C1COCO1,C1COCO1,,PHB,,
334,1[c]3-Dioxolane,Yes,,,N15,-63,40,lc,cationic,C1COCO1,C1COCO1,,PHB,,
335,1[c]3-Dioxolane,Yes,,,N17,-37,25,lc,cationic,C1COCO1,C1COCO1,,PHB,,
336,1[c]3-Dioxolane,Yes,,,,-147,57,gc,cationic,C1COCO1,C1COCO1,,PHB,,
337,1[c]3-Dioxolane,Yes,,,,-100,25,lc’,cationic,C1COCO1,C1COCO1,,PHB,,
339,1[c]3-Dioxolane,Yes,,,,-139,25,gc,cationic,C1COCO1,C1COCO1,,PHB,,
340,1[c]3-Dioxolane,Yes,,,,-205,25,gc’,cationic,C1COCO1,C1COCO1,,PHB,,
341,1[c]3-Dioxolane,Yes,,,,-167,25,gc,cationic,C1COCO1,C1COCO1,,PHB,,
342,1[c]3-Dioxolane,Yes,,,"N69,N78",-18,90,lc,cationic,C1COCO1,C1COCO1,,PHB,,
343,1[c]3-Dioxane,Yes,,,"N78, Cyclic oligomer",-23,20,ls,cationic,C1COCOC1,C1COCOC1,,PHB,,
344,1[c]3[c]6-Trioxocane,Yes,,,benzene,-39,60,ss,cationic,C1COCOCCO1,C1COCOCCO1,,PHB,,
345,1[c]3[c]6-Trioxocane,Yes,,,"toluene, N78",-13,20,ss,cationic,C1COCOCCO1,C1COCOCCO1,,PHB,,
346,1[c]3[c]6-Trioxocane,Yes,,,N17,-8,25,lc,cationic,C1COCOCCO1,C1COCOCCO1,,PHB,,
347,1[c]3[c]6-Trioxocane,Yes,,,,-129.1,25,gc,cationic,C1COCOCCO1,C1COCOCCO1,,PHB,,
348,Tetraoxane,Yes,,,,-51,25,gg,cationic,C1COOOO1,C1COOOO1,,PHB,,
349,Tetraoxane,Yes,,,,3,27,c'c',cationic,C1COOOO1,C1COOOO1,,PHB,,
350,Trioxane,Yes,,,,-64,25,gg,cationic,C1OCOCO1,C1OCOCO1,,PHB,,
351,Trioxane,Yes,,,,-156,25,gc’,cationic,C1OCOCO1,C1OCOCO1,,PHB,,
352,Trioxane,Yes,,,"1,2-dichloroethane",-41,40,ss,cationic,C1OCOCO1,C1OCOCO1,,PHB,,
353,Trioxane,Yes,,,nitrobenzene,-42,25,sc',cationic,C1OCOCO1,C1OCOCO1,,PHB,,
354,Trioxane,Yes,,,,-18,25,c'c',cationic,C1OCOCO1,C1OCOCO1,,PHB,,
355,4-Oxapentanal,Yes,,,N69,-81.6,-80,lc,aldehyde,CC(=O)CCC=O,CC(=O)CCC=O,,PHB,,
356,4-Oxapentanal,Yes,,,,-93.6,-80,ls,aldehyde,CC(=O)CCC=O,CC(=O)CCC=O,,PHB,,
360,Propanal[c] 2-chloro[c] 2-methyl-,Yes,,,tetrahydrofuran,-90,-65,ss,aldehyde,CC(C)(Cl)C=O,CC(C)(Cl)C=O,,PHB,,
363,Acetone,Yes,,,,-188,25,gc,aldehyde,CC(=O)C,CC(C)=O,,PHB,,
365,Propanal[c] 2-methyl-,Yes,,,diethyl ether,-78,-65,ss,aldehyde,CC(C)C=O,CC(C)C=O,,PHB,,
366,Propanal[c] 2-methyl-,Yes,,,n-pentane,-94,65,ss,aldehyde,CC(C)C=O,CC(C)C=O,,PHB,,
367,Propanal[c] 2-methyl-,Yes,,,tetrahydrofuran,-74,-65,ss,aldehyde,CC(C)C=O,CC(C)C=O,,PHB,,
368,1[c]3-Dioxolane[c] 4-isopropyl-,Yes,,,,-60.7,80,lc,cationic,CC(C)C1COCO1,CC(C)C1COCO1,,PHB,,
369,Propanal[c] 2[c]2-dichloro-,Yes,,,tetrahydrofuran,-74,-65,ss,aldehyde,CC(C=O)(Cl)Cl,CC(Cl)(Cl)C=O,,PHB,,
372,Cyclotrisiloxane[c] 1[c]1[c]3[c]3[c]5 [c]5-hexaethyl,Yes,,,"N54, N63, N77",-7,-173,c'c',cationic,CC[Si]1(O[Si](O[Si](O1)(CC)CC)(CC)CC)CC,CC[Si]1(CC)O[Si](CC)(CC)O[Si](CC)(CC)O1,,PHB,,
373,Cyclotrisiloxane[c] 1[c]1[c]3[c]3[c]5 [c]5-hexaethyl,Yes,,,"N54, N63, N77",-9,-23,c'c',cationic,CC[Si]1(O[Si](O[Si](O1)(CC)CC)(CC)CC)CC,CC[Si]1(CC)O[Si](CC)(CC)O[Si](CC)(CC)O1,,PHB,,
374,Cyclotrisiloxane[c] 1[c]1[c]3[c]3[c]5 [c]5-hexaethyl,Yes,,,"N63, N54",22,25,c'c,cationic,CC[Si]1(O[Si](O[Si](O1)(CC)CC)(CC)CC)CC,CC[Si]1(CC)O[Si](CC)(CC)O[Si](CC)(CC)O1,,PHB,,
375,Cyclotrisiloxane[c] 1[c]1[c]3[c]3[c]5 [c]5-hexaethyl,Yes,,,"N54, N63, N77",0,73,c'c',cationic,CC[Si]1(O[Si](O[Si](O1)(CC)CC)(CC)CC)CC,CC[Si]1(CC)O[Si](CC)(CC)O[Si](CC)(CC)O1,,PHB,,
376,Cyclotrisiloxane[c] 1[c]1[c]3[c]3[c]5 [c]5-hexaethyl,Yes,,,N63,-25,25,ll,cationic,CC[Si]1(O[Si](O[Si](O1)(CC)CC)(CC)CC)CC,CC[Si]1(CC)O[Si](CC)(CC)O[Si](CC)(CC)O1,,PHB,,
377,Cyclotrisiloxane[c] 1[c]1[c]3[c]3[c]5 [c]5-hexaethyl,Yes,,,"N54, N63",-62,-23,c'c,cationic,CC[Si]1(O[Si](O[Si](O1)(CC)CC)(CC)CC)CC,CC[Si]1(CC)O[Si](CC)(CC)O[Si](CC)(CC)O1,,PHB,,
378,Acetaldehyde,Yes,,,,6,-173,c'c,aldehyde,CC=O,CC=O,,PHB,,
379,Acetaldehyde,Yes,,,,-14,-73,lc,aldehyde,CC=O,CC=O,,PHB,,
380,Acetaldehyde,Yes,,,,-21,25,lc,aldehyde,CC=O,CC=O,,PHB,,
381,1[c]1 dimethyl cyclopropane,Yes,,,,-93,25,lc,cationic,CC1(C)CC1,CC1(C)CC1,,PHB,,
382,Cyclobutane[c] 1[c]1-dimethyl-,Yes,,,,-75,25,lc,cyclic,CC1(C)CCC1,CC1(C)CCC1,,PHB,,
383,Cyclopentane 1[c]1-dimethyl-,Yes,,,,-66,25,lc,cationic,CC1(C)CCCC1,CC1(C)CCCC1,,PHB,,
384,Cyclohexane[c] 1[c]1-dimethyl-,Yes,,,,-36,25,lc,cyclic,CC1(C)CCCCC1,CC1(C)CCCCC1,,PHB,,
388,2[c]2-Dimethyltrimethylene carbonate,Yes,,,N63,-7.7,-173,c'c',ROP,CC1(C)COC(=O)OC1,CC1(C)COC(=O)OC1,,PHB,,
389,2[c]2-Dimethyltrimethylene carbonate,Yes,,,N63,-24,147,ll,ROP,CC1(C)COC(=O)OC1,CC1(C)COC(=O)OC1,,PHB,,
390,2[c]2-Dimethyltrimethylene carbonate,Yes,,,N63,35.3,-173,c'c,ROP,CC1(C)COC(=O)OC1,CC1(C)COC(=O)OC1,,PHB,,
391,2[c]2-Dimethyltrimethylene carbonate,Yes,,,N63,-38.7,117,lc',ROP,CC1(C)COC(=O)OC1,CC1(C)COC(=O)OC1,,PHB,,
392,2[c]2-Dimethyltrimethylene carbonate,Yes,,,N63,-5.8,25,c'c',ROP,CC1(C)COC(=O)OC1,CC1(C)COC(=O)OC1,,PHB,,
393,2[c]2-Dimethyltrimethylene carbonate,Yes,,,N63,35.2,25,c'c,ROP,CC1(C)COC(=O)OC1,CC1(C)COC(=O)OC1,,PHB,,
394,1[c]3-Dioxolane[c] 4[c]4-dimethyl-,Yes,,,,-54.8,80,lc,cationic,CC1(C)COCO1,CC1(C)COCO1,,PHB,,
402,methyl-Cyclopropane,Yes,,,,-85,25,lc,cationic,CC1CC1,CC1CC1,,PHB,,
405,Cyclobutane[c] methyl-,Yes,,,,-72,25,lc,cyclic,CC1CCC1,CC1CCC1,,PHB,,
409,Cyclopentane[c] methyl-,Yes,,,,-64,25,lc,cyclic,CC1CCCC1,CC1CCCC1,,PHB,,
410,Cyclohexane[c] methyl-,Yes,,,,-32,25,lc,cyclic,CC1CCCCC1,CC1CCCCC1,,PHB,,
411,e-Caprolactam[c] 3-methyl,Yes,,,,-11,260,ls,ROP,CC1CCCCNC1=O,CC1CCCCNC1=O,,PHB,,
413,1[c]3-Dioxepane[c] 4-methyl-,Yes,,,dichloroethane,-38.8,-15,ss,cationic,CC1CCCOCO1,CC1CCCOCO1,,PHB,,
416,e-Caprolactam[c] 5-methyl,Yes,,,,-16,200,ls,ROP,CC1CCNC(=O)CC1,CC1CCNC(=O)CC1,,PHB,,
418,3-methyl tetrahydrofuran,Yes,,,,-100.9,-6,ls,cationic,CC1CCOC1,CC1CCOC1,,PHB,,
419,Propylene oxide,Yes,,,Estimated for 100% tryst. polymer,-189,25,gc’,cationic,CC1CO1,CC1CO1,,PHB,,
421,1[c]3-Dioxolane[c] 4-methyl-,Yes,,,,-53.2,-8,lc,cationic,CC1COCO1,CC1COCO1,,PHB,,
423,DL-Lactide,Yes,,,,31.3,25,c'c,ROP,CC1C(=O)OC(C(=O)O1)C,CC1OC(=O)C(C)OC1=O,,PHB,,
424,DL-Lactide,Yes,,,,-13,127,lc,ROP,CC1C(=O)OC(C(=O)O1)C,CC1OC(=O)C(C)OC1=O,,PHB,,
427,1[c]3-Dioxepane[c] 2-methyl-,Yes,,,"1,2 dichloroethane",-37.2,15,ss,cationic,CC1OCCCCO1,CC1OCCCCO1,,PHB,,
428,1[c]3-Dioxepane[c] 2-methyl-,Yes,,,"1,1 dichloromethene",-39,-10,ss,cationic,CC1OCCCCO1,CC1OCCCCO1,,PHB,,
431,1[c]3-Dioxolane[c] cis-4[c]5-dimethyl-,Yes,,,,-55.3,80,lc,cationic,CC1C(OCO1)C,CC1OCOC1C,,PHB,,
432,1[c]3-Dioxolane[c] trans-4[c]5-dimethyl-,Yes,,,,-55.3,80,lc,cationic,CC1C(OCO1)C,CC1OCOC1C,,PHB,,
435,Propanal,Yes,,,,-8,173,c'c',aldehyde,CCC=O,CCC=O,,PHB,,
436,Propanal,Yes,,,,-6,-173,c'c,aldehyde,CCC=O,CCC=O,,PHB,,
437,Propanal,Yes,,,,-90,57,lc',aldehyde,CCC=O,CCC=O,,PHB,,
438,Propanal,Yes,,,,-85,25,lc',aldehyde,CCC=O,CCC=O,,PHB,,
439,Propanal,Yes,,,,-69,-73,lc',aldehyde,CCC=O,CCC=O,,PHB,,
440,Propanal,Yes,,,,-77,57,lc,aldehyde,CCC=O,CCC=O,,PHB,,
441,Propanal,Yes,,,,-76,25,lc,aldehyde,CCC=O,CCC=O,,PHB,,
442,Propanal,Yes,,,,-67,-73,lc,aldehyde,CCC=O,CCC=O,,PHB,,
448,1[c]3-Dioxolane[c] 4-ethyl-,Yes,,,,-59.4,-24,lc,cationic,CCC1COCO1,CCC1COCO1,,PHB,,
450,Butanal,Yes,,,n-hexane,-122,10,sc,aldehyde,CCCC=O,CCCC=O,,PHB,,
454,Pentanal,Yes,,,tetrahydrofuran,-107.6,-75,sc,aldehyde,CCCCC=O,CCCCC=O,,PHB,,
455,Pentanal,Yes,,,N69,-97.1,-75,lc,aldehyde,CCCCC=O,CCCCC=O,,PHB,,
460,1[c]3-Dioxepane[c] 2-butyl,Yes,,,dichloroethane,-33,-5,ss,cationic,CCCCC1OCCCCO1,CCCCC1OCCCCO1,,PHB,,
461,2-Butyl-1[c]3[c]6-trioxocane,Yes,,,toluene,-16,10,ss,cationic,CCCCC1OCCOCCO1,CCCCC1OCCOCCO1,,PHB,,
462,Hexanal,Yes,,,,-41,-73,c'c,aldehyde,CCCCCC=O,CCCCCC=O,,PHB,,
463,Hexanal,Yes,,,,-16,173,c'c,aldehyde,CCCCCC=O,CCCCCC=O,,PHB,,
464,Hexanal,Yes,,,,-19,-173,c'c',aldehyde,CCCCCC=O,CCCCCC=O,,PHB,,
465,Hexanal,Yes,,,,-43,-73,c'c',aldehyde,CCCCCC=O,CCCCCC=O,,PHB,,
466,Hexanal,Yes,,,,-117,25,ll,aldehyde,CCCCCC=O,CCCCCC=O,,PHB,,
467,Hexanal,Yes,,,,-121,67,ll,aldehyde,CCCCCC=O,CCCCCC=O,,PHB,,
472,Heptanal,Yes,,,N77,-111,25,lc’,aldehyde,CCCCCCC=O,CCCCCCC=O,,PHB,,
473,Heptanal,Yes,,,,-32,-73,c'c',aldehyde,CCCCCCC=O,CCCCCCC=O,,PHB,,
475,Heptanal,Yes,,,,-4,-73,c'c,aldehyde,CCCCCCC=O,CCCCCCC=O,,PHB,,
476,Heptanal,Yes,,,,-1,-173,c'c,aldehyde,CCCCCCC=O,CCCCCCC=O,,PHB,,
477,Heptanal,Yes,,,,-110,97,ll,aldehyde,CCCCCCC=O,CCCCCCC=O,,PHB,,
478,Heptanal,Yes,,,,-101,25,lc,aldehyde,CCCCCCC=O,CCCCCCC=O,,PHB,,
481,Octanal,Yes,,,tetrahydrofuran,-65.7,-75,sc,aldehyde,CCCCCCCC=O,CCCCCCCC=O,,PHB,,
482,Octanal,Yes,,,N69,-57.8,-75,lc,aldehyde,CCCCCCCC=O,CCCCCCCC=O,,PHB,,
486,2-Oxo-1 [c]3 [c]2-dioxaphosphorinane[c] 2 alkoxy- R = propyl,Yes,,,dichloromethane,-2.4,100,ss,cationic,CCCOP1(=O)OCCCO1,CCCOP1(=O)OCCCO1,,PHB,,
487,4[c]7-bis[Cyano(ethoxycarbonyl)methylenel-4[c]7-dihydrobenzofuran,Yes,,,chloroform,-41,60,ss,ROMP,O=C(C(C#N)c1c(occ2)c2c(C(C(OCC)=O)C#N)cc1)OCC,CCOC(=O)C(C#N)c1ccc(C(C#N)C(=O)OCC)c2occc12,,PHB,,
490,2-Oxo-1 [c]3 [c]2-dioxaphosphorinane[c] 2 alkoxy- R = ethyl,Yes,,,dichloromethane,1.5,100,ss,cationic,CCOP1(=O)OCCCO1,CCOP1(=O)OCCCO1,,PHB,,
491,Oxetane[c] 3[c]3-di(chloromethyl)-,Yes,,,,-83,25,lc,cationic,C1C(CO1)(CCl)CCl,ClCC1(CCl)COC1,,PHB,,
493,2-Piperidone[c] 1-methyl-,Yes,,,,-25,25,c’c’,ROP,CN1CCCCC1=O,CN1CCCCC1=O,,PHB,,
494,e-Caprolactam[c] 7-methyl,Yes,,,,-21,225,ls,ROP,CN1CCCCCC1=O,CN1CCCCCC1=O,,PHB,,
495,e-Caprolactam[c] 1-methyl,Yes,,,,5,25,c’c’,ROP,CN1CCCCCC1=O,CN1CCCCCC1=O,,PHB,,
496,e-Caprolactam[c] 1-methyl,Yes,,,,-29,250,ls,ROP,CN1CCCCCC1=O,CN1CCCCCC1=O,,PHB,,
505,4[c]7-Dioxaoctanal,Yes,,,tetrahydrofuran,-77,-80,ss,aldehyde,COCCOCCC=O,COCCOCCC=O,,PHB,,
506,4[c]7-Dioxaoctanal,Yes,,,,-67.4,80,lc,aldehyde,COCCOCCC=O,COCCOCCC=O,,PHB,,
507,2-Oxo-1 [c]3 [c]2-dioxaphosphorinane[c] 2 alkoxy- R = methyl,Yes,,,dichloromethane,-2.5,100,ss,cationic,COP1(=O)OCCCO1,COP1(=O)OCCCO1,,PHB,,
508,2-Oxo-1 [c]3 [c]2-dioxaphosphorinane[c] 2 alkoxy- R = methyl,Yes,,,dimethyl sulfoxide,-11.7,140,ls,cationic,COP1(=O)OCCCO1,COP1(=O)OCCCO1,,PHB,,
516,Hexadecanolactone,Yes,,,,21,127,lc,ROP,C1CCCCCCCCCCCOC(=O)CCC1,O=C1CCCCCCCCCCCCCCCO1,,PHB,,
517,Pentadecanolactone,Yes,,,,-109,-73,c'c,ROP,C1CCCCCCCCCCOC(=O)CCC1,O=C1CCCCCCCCCCCCCCO1,,PHB,,
518,Pentadecanolactone,Yes,,,,-86,25,c'c',ROP,C1CCCCCCCCCCOC(=O)CCC1,O=C1CCCCCCCCCCCCCCO1,,PHB,,
519,Pentadecanolactone,Yes,,,,41,25,c'c,ROP,C1CCCCCCCCCCOC(=O)CCC1,O=C1CCCCCCCCCCCCCCO1,,PHB,,
520,Pentadecanolactone,Yes,,,,23,97,lc,ROP,C1CCCCCCCCCCOC(=O)CCC1,O=C1CCCCCCCCCCCCCCO1,,PHB,,
521,Tetradecanolactone,Yes,,,,25,127,lc,ROP,C1CCCCCCCCCOC(=O)CCC1,O=C1CCCCCCCCCCCCCO1,,PHB,,
522,Tridecanolactone,Yes,,,,57,25,c'c,ROP,C1CCCCCCCCOC(=O)CCC1,O=C1CCCCCCCCCCCCO1,,PHB,,
523,Tridecanolactone,Yes,,,,-50,25,c'c',ROP,C1CCCCCCCCOC(=O)CCC1,O=C1CCCCCCCCCCCCO1,,PHB,,
524,Tridecanolactone,Yes,,,,26,127,lc,ROP,C1CCCCCCCCOC(=O)CCC1,O=C1CCCCCCCCCCCCO1,,PHB,,
525,Dodecanolactone,Yes,,,,25,127,lc,ROP,C1CCCCCCCOC(=O)CCC1,O=C1CCCCCCCCCCCO1,,PHB,,
526,2-Oxo-undecamethyleneimine,Yes,,,,-16,290,ls,ROP,C1CCCCCCCCNC(=O)C1,O=C1CCCCCCCCCCN1,,PHB,,
527,Undecanolactone,Yes,,,,-69,25,lc',ROP,C1CCCCCCOC(=O)CCC1,O=C1CCCCCCCCCCO1,,PHB,,
528,Undecanolactone,Yes,,,,25,127,lc,ROP,C1CCCCCCOC(=O)CCC1,O=C1CCCCCCCCCCO1,,PHB,,
529,Undecanolactone,Yes,,,,24,25,lc,ROP,C1CCCCCCOC(=O)CCC1,O=C1CCCCCCCCCCO1,,PHB,,
530,Decanolactone,Yes,,,,18,127,lc,ROP,C1CCCCCOC(=O)CCC1,O=C1CCCCCCCCCO1,,PHB,,
531,Nonanolactone,Yes,,,,12,127,lc,ROP,C1CCCCOC(=O)CCC1,O=C1CCCCCCCCO1,,PHB,,
532,Octanolactone,Yes,,,,5,127,lc,ROP,C1CCCCOC(=O)CC1,O=C1CCCCCCCO1,,PHB,,
533,2-Oxo-heptamethyleneimine,Yes,,,,-17,25,c’c’,ROP,C1CCCCNC(=O)C1,O=C1CCCCCCN1,,PHB,,
535,Heptanolactone,Yes,,,,127,,lc,ROP,C1CCCOC(=O)CC1,O=C1CCCCCCO1,,PHB,,
539,e-Caprolactam,Yes,,,,5,25,c’c’,ROP,C1CCC(=O)NCC1,O=C1CCCCCN1,,PHB,,
540,e-Caprolactam,Yes,,,,-29,250,ls,ROP,C1CCC(=O)NCC1,O=C1CCCCCN1,,PHB,,
544,epsilon caprolactone,Yes,,,,-54,25,lc',ROP,C1CCC(=O)OCC1,O=C1CCCCCO1,,PHB,,
545,epsilon caprolactone,Yes,,,,-8,77,lc,ROP,C1CCC(=O)OCC1,O=C1CCCCCO1,,PHB,,
546,epsilon caprolactone,Yes,,,,-4,25,lc,ROP,C1CCC(=O)OCC1,O=C1CCCCCO1,,PHB,,
547,2-Piperidone,Yes,,,,-25,25,c'c',ROP,C1CCNC(=O)C1,O=C1CCCCN1,,PHB,,
551,Pentanolactone,Yes,,,,-65,25,lc',ROP,C1COC(=O)CC1,O=C1CCCCO1,,PHB,,
552,Pentanolactone,Yes,,,,-13,77,lc,ROP,C1COC(=O)CC1,O=C1CCCCO1,,PHB,,
553,Pentanolactone,Yes,,,,-15,25,lc,ROP,C1COC(=O)CC1,O=C1CCCCO1,,PHB,,
557,gamma-Butyrolactone,Yes,,,,-30,25,lc,ROP,C1CC(=O)OC1,O=C1CCCO1,,PHB,,
558,gamma-Butyrolactone,Yes,,,,-65,25,lc',ROP,C1CC(=O)OC1,O=C1CCCO1,,PHB,,
559,gamma-Butyrolactone,Yes,,,,-29,77,lc,ROP,C1CC(=O)OC1,O=C1CCCO1,,PHB,,
562,beta propiolactone,Yes,,,,-54,25,lc,ROP,C1COC1=O,O=C1CCO1,,PHB,,
563,beta propiolactone,Yes,,,,-74,25,lc’,ROP,C1COC1=O,O=C1CCO1,,PHB,,
564,beta propiolactone,Yes,,,,-51,127,lc,ROP,C1COC1=O,O=C1CCO1,,PHB,,
565,Glycollide,Yes,,,,10.5,25,cc,ROP,C1C(=O)OCC(=O)O1,O=C1COC(=O)CO1,,PHB,,
566,Glycollide,Yes,,,,-0.3,25,c'c',ROP,C1C(=O)OCC(=O)O1,O=C1COC(=O)CO1,,PHB,,
567,Glycollide,Yes,,,,-17.5,277,lc,ROP,C1C(=O)OCC(=O)O1,O=C1COC(=O)CO1,,PHB,,
570,1[c]4-Dioxan-2-one,Yes,,,,32,25,c'c,ROP,C1COC(=O)CO1,O=C1COCCO1,,PHB,,
571,1[c]4-Dioxan-2-one,Yes,,,,28,-173,c'c,ROP,C1COC(=O)CO1,O=C1COCCO1,,PHB,,
572,1[c]4-Dioxan-2-one,Yes,,,,25,73,c'c,ROP,C1COC(=O)CO1,O=C1COCCO1,,PHB,,
573,1[c]4-Dioxan-2-one,Yes,,,,-9,-73,c'c',ROP,C1COC(=O)CO1,O=C1COCCO1,,PHB,,
574,1[c]4-Dioxan-2-one,Yes,,,,-10,25,c'c',ROP,C1COC(=O)CO1,O=C1COCCO1,,PHB,,
575,1[c]4-Dioxan-2-one,Yes,,,,-6,-173,c'c',ROP,C1COC(=O)CO1,O=C1COCCO1,,PHB,,
576,1[c]4-Dioxan-2-one,Yes,,,,-13,127,ll,ROP,C1COC(=O)CO1,O=C1COCCO1,,PHB,,
578,1[c]4[c]5-oxaditheipane,Yes,,,benzene,-12,,ss,cationic,C1C(=O)OC(=O)CSS1,O=C1CSSCC(=O)O1,,PHB,,
587,8-Oxo-7-oxabicyclo[2[c]2[c]2]octane,Yes,,,N53,-127.7,25,gg,ROP,O=C1OC2CCC1CC2,O=C1OC2CCC1CC2,,PHB,,
588,8-Oxo-7-oxabicyclo[2[c]2[c]2]octane,Yes,,,N53,-76.2,25,lc',ROP,O=C1OC2CCC1CC2,O=C1OC2CCC1CC2,,PHB,,
593,Ethylene oxalate,Yes,,,,-12,-173,c'c,ROP,C1COC(=O)C(=O)O1,O=C1OCCOC1=O,,PHB,,
594,Ethylene oxalate,Yes,,,,9,-73,c'c,ROP,C1COC(=O)C(=O)O1,O=C1OCCOC1=O,,PHB,,
595,Ethylene oxalate,Yes,,,,5,25,c'c,ROP,C1COC(=O)C(=O)O1,O=C1OCCOC1=O,,PHB,,
596,Ethylene oxalate,Yes,,,,-15,142,lc,ROP,C1COC(=O)C(=O)O1,O=C1OCCOC1=O,,PHB,,
598,Acetaldehyde[c] tribromo-,Yes,,,toluene,-100,,sc’,aldehyde,C(=O)C(Br)(Br)Br,O=CC(Br)(Br)Br,,PHB,,
599,Acetaldehyde[c] dibromochloro-,Yes,,,toluene,-116,,sc’,aldehyde,C(=O)C(Br)(Br)Cl,O=CC(Cl)(Br)Br,,PHB,,
600,Acetaldehyde[c] bromodichloro-,Yes,,,toluene,-122,,sc’,aldehyde,C(=O)C(Cl)(Cl)Br,O=CC(Cl)(Cl)Br,,PHB,,
601,Acetaldehyde[c] trichloro-,Yes,,,n-heptane,-142,10,sc’,aldehyde,C(=O)C(Cl)(Cl)Cl,O=CC(Cl)(Cl)Cl,,PHB,,
602,Acetaldehyde[c] trichloro-,Yes,,,pyridine,-117,13,sc’,aldehyde,C(=O)C(Cl)(Cl)Cl,O=CC(Cl)(Cl)Cl,,PHB,,
603,Acetaldehyde[c] trichloro-,Yes,,,tetrahydrofuran,-52,-50,ss,aldehyde,C(=O)C(Cl)(Cl)Cl,O=CC(Cl)(Cl)Cl,,PHB,,
604,Acetaldehyde[c] trichloro-,Yes,,,toluene,-134,,sc',aldehyde,C(=O)C(Cl)(Cl)Cl,O=CC(Cl)(Cl)Cl,,PHB,,
605,Acetaldehyde[c] trichloro,Yes,,,,-69,-73,lc’,aldehyde,C(=O)C(Cl)(Cl)Cl,O=CC(Cl)(Cl)Cl,,PHB,,
606,Acetaldehyde[c] trichloro,Yes,,,,-37,-173,cc',aldehyde,C(=O)C(Cl)(Cl)Cl,O=CC(Cl)(Cl)Cl,,PHB,,
607,Acetaldehyde[c] trichloro,Yes,,,,-80,25,lc’,aldehyde,C(=O)C(Cl)(Cl)Cl,O=CC(Cl)(Cl)Cl,,PHB,,
608,Acetaldehyde[c] trichloro,Yes,,,,-30,57,lc’,aldehyde,C(=O)C(Cl)(Cl)Cl,O=CC(Cl)(Cl)Cl,,PHB,,
609,Acetaldehyde[c] trichloro-,Yes,,,,-190,50,gc',aldehyde,C(=O)C(Cl)(Cl)Cl,O=CC(Cl)(Cl)Cl,,PHB,,
610,Acetaldehyde[c] trichloro-,Yes,,,,-95,50,lc',aldehyde,C(=O)C(Cl)(Cl)Cl,O=CC(Cl)(Cl)Cl,,PHB,,
611,Acetaldehyde[c] dibromofluoro,Yes,,,toluene,-114,,sc’,aldehyde,C(=O)C(Br)(Br)F,O=CC(F)(Br)Br,,PHB,,
612,Acetaldehyde[c] bromochlorofluoro-,Yes,,,toluene,-122,,sc’,aldehyde,C(=O)C(Br)(Cl)F,O=CC(F)(Cl)Br,,PHB,,
613,Acetaldehyde[c] dichlorofluoro,Yes,,,toluene,-179,,sc’,aldehyde,C(=O)C(Cl)(Cl)F,O=CC(F)(Cl)Cl,,PHB,,
614,Acetaldehyde[c] bromodifluoro-,Yes,,,toluene,-135,,sc’,aldehyde,C(=O)C(Br)(F)F,O=CC(F)(F)Br,,PHB,,
615,Acetaldehyde[c] difluorochloro,Yes,,,toluene,-152,,sc’,aldehyde,C(=O)C(F)(F)Cl,O=CC(F)(F)Cl,,PHB,,
617,Acetaldehyde[c] trifluoro-,Yes,,,toluene,-155,,sc',aldehyde,C(=O)C(F)(F)F,O=CC(F)(F)F,,PHB,,
618,Acetaldehyde[c] trifluoro-,Yes,,,dichloromethane,-97,25,lc,aldehyde,C(=O)C(F)(F)F,O=CC(F)(F)F,,PHB,,
619,Acetaldehyde[c] trifluoro-,Yes,,,,-187,45,gc,aldehyde,C(=O)C(F)(F)F,O=CC(F)(F)F,,PHB,,
620,Acetaldehyde[c] trifluoro-,Yes,,,dichloromethane,-142.7,25,sc,aldehyde,C(=O)C(F)(F)F,O=CC(F)(F)F,,PHB,,
624,o-Phthalaldehyde,Yes,,,dichloromethane,-96,-70,ss,aldehyde,C1=CC=C(C(=C1)C=O)C=O,O=Cc1ccccc1C=O,,PHB,,
625,2-Oxo-1 [c]3 [c]2-dioxaphosphorinane[c] 2 alkoxy-,Yes,,,N59,19.3,90,lc,cationic,O=P1(O)OCCCO1,O=P1(O)OCCCO1,,PHB,,
627,exo-3[c]4[c]5-Trithiatricyclo-decane,Yes,,,"toluene, N76",-31.4,40,ss,ROP,O=S3SC2C1CCC(C1)C2S3,O=S1SC2C3CCC(C3)C2S1,,PHB,,
616,trifluoroacetaldehyde,Yes,,,dichloromethane,-155,,lc,aldehyde,C(=O)C(F)(F)F,O=CC(F)(F)F,,Polymerization of higher aldehydes,,
489,ethyl lipoate,Yes,,,anisole,-51.7,,ss,cationic,O=C(OCC)CCCCC1SSCC1,CCOC(=O)CCCCC1CCSS1,,Radical ring-opening polymerization of lipoates: Kinetic and thermodynamic aspects,,
414,polytrithiocarbonate,Yes,,,toluene,8.65,,ss,ROP,CC1CCCSC(=S)S1,CC1CCCSC(=S)S1,,"Recyclable Sulfur-Rich Polymers with Enhanced Thermal, Mechanical, and Optical Performance",JPCA DB,
580,5/7-LM [nylon 4/6],Yes,,,N-Methyl-2-pyrrolidone,-20.1,,la,ROP,O=C1NC2CCCC1C2,O=C1NC2CCCC1C2,,Redesigned Hybrid Nylons with Optical Clarity and Chemical Recyclability,,
265,cyclopentene,Yes,,,toluene,-77.4,,ss,ROMP,C1=CCCC1,C1=CCCC1,,Ruthenium catalyzed equilibrium ring-opening metathesis polymerization of cyclopentene / A Precision Ethylene-Styrene Copolymer with High Styrene Content from Ring-Opening Metathesis Polymerization of 4-Phenylcyclopentene,JPCA DB - diff polymer bc of mechanism?? ,
417,beta methyl deltaVL,Yes,,,,-46,,la,ROP,C1(C)CCOC(=O)C1,CC1CCOC(=O)C1,,Scalable production of mechanically tunable block polymers from sugar,,
162,2-isopropyl-5-methylene-1[c]3-dioxolan-4-ones,Yes,,,toluene,-81.2,,ss,acrylate,O=C1OC(C)(C(C)C)OC1=C,C=C1OC(C)(C(C)C)OC1=O,,Strategy for rational control of stereosequence in free radical polymerization of acrylates,,
488,ethyl glyoxylate,Yes,,,dichloromethane,-98,,ss,aldehyde,CCOC(=O)C=O,CCOC(=O)C=O,,Study of the in vitro degradation of poly(ethyl glyoxylate),,
497,methyl glyoxylate,Yes,,,dichloromethane,-99,,ss,aldehyde,COC(=O)C=O,COC(=O)C=O,,Study of the in vitro degradation of poly(methyl glyoxylate),,
387,2[c]2-Dimethyltrimethylene carbonate,Yes,,,tetrahydrofuran,-43.9,,ss,ROP,CC1(C)COC(=O)OC1,CC1(C)COC(=O)OC1,,Substituent Effect on the Anionic Equilibrium Polymerization of Six-Membered Cyclic Carbonates,JPCA DB,
399,M4 carbamate,Yes,,,tetrahydrofuran,-40.6,,ss,ROP,CC2(c1ccccc1)COC(=O)OC2,CC1(c2ccccc2)COC(=O)OC1,,Substituent Effect on the Anionic Equilibrium Polymerization of Six-Membered Cyclic Carbonates,JPCA DB,
443,dilactide #5,Yes,,,tetrahydrofuran,-10,,ss,ROP,CCC2(c1ccccc1)COC(=O)OC2,CCC1(c2ccccc2)COC(=O)OC1,,Substituent Effect on the Anionic Equilibrium Polymerization of Six-Membered Cyclic Carbonates,JPCA DB,
445,dilactide 3,Yes,,,tetrahydrofuran,-45.6,,ss,ROP,CCC1(CC)COC(=O)OC1,CCC1(CC)COC(=O)OC1,,Substituent Effect on the Anionic Equilibrium Polymerization of Six-Membered Cyclic Carbonates,JPCA DB,
592,m1,Yes,,,tetrahydrofuran,-44.8,,ss,ROP,O=C1OCCCO1,O=C1OCCCO1,,Substituent Effect on the Anionic Equilibrium Polymerization of Six-Membered Cyclic Carbonates,JPCA DB,
590,MBCG,Yes,,,diglyme+tetrahydrofuran,-63,,ss,ROP,O=C2OC1CCCCC1O2,O=C1OC2CCCCC2O1,,The anionic ring-opening polymerization of five-membered cyclic carbonates fused to the cyclohexane ring,JPCA DB,
161,alpha-Methylene-gamma-butyrolactone,Yes,,,dichloromethane-D,-40.1,,ss,vinyl,C=C1CCOC1=O,C=C1CCOC1=O,,The Quest for Converting Biorenewable Bifunctional _-Methylene-_-butyrolactone into Degradable and Recyclable Polyester: Controlling Vinyl-Addition/Ring-Opening/Cross-Linking Pathways,JPCA DB - 1 - dup,
626,polysultone ,Yes,,,,-79.9,,la,ROP-S,O=S1(=O)CCCO1,O=S1(=O)CCCO1,,The Ring-Opening Polymerization of Sultones. VII. Thermodynamic Parameters of 3-Hydroxy-1-propane Sulfonic Acid Sultone for Ring-Opening Polymerization,JPCA DB,
386,Compound CID: 157539336,Yes,,,,16.2,,la,ROP,O=C(OCC(C)(C)COC(C1=CC=C(C(OCC(C)(C)COC2=O)=O)C=C1)=O)C3=CC=C2C=C3,CC1(C)COC(=O)c2ccc(cc2)C(=O)OCC(C)(C)COC(=O)c2ccc(cc2)C(=O)OC1,,Thermodynamics of Aromatic Cyclic Ester Polymerization in Bulk,JPCA DB,
420,big huge lactone,Yes,,,,10.1,,la,ROP,O=C(OCC(C)COC(C1=CC=C(C(OCC(C)COC2=O)=O)C=C1)=O)C3=CC=C2C=C3,CC1COC(=O)c2ccc(cc2)C(=O)OCC(C)COC(=O)c2ccc(cc2)C(=O)OC1,,Thermodynamics of Aromatic Cyclic Ester Polymerization in Bulk,JPCA DB,
191,3-ethylidene-6-vinyltetrahydro-2H-pyran-2-one,Yes,,,,-22.9,,la,ROP,CC=C1CCC(OC1=O)C=C,C=CC1CCC(=CC)C(=O)O1,,Tunable and recyclable polyesters from CO2 and butadiene,,
446,3[c]6-diethyltetrahydro-2H-pyran-2-one,Yes,,,,-30.7,,la,ROP,O=C1C(CC)CCC(CC)O1,CCC1CCC(CC)C(=O)O1,,Tunable and recyclable polyesters from CO2 and butadiene,,
396,poly(five trans-cyclic acetal fused cyclooctene)  [dimethyl substituted],Yes,,,dichloromethane,-20.5,,ss,ROMP,CC1(C)OC2CC/C=C\CCC2O1,CC1(C)OC2CC/C=C\CCC2O1,,"Understanding the Structure Polymerization Thermodynamics Relationships of Fused-Ring Cyclooctenes for Developing Chemically Recyclable Polymers	",,
425,poly(five trans-cyclic acetal fused cyclooctene)  [methyl substituted],Yes,,,dichloromethane,-11.3,,ss,ROMP,CC1OC2CC/C=C\CCC2O1,CC1OC2CC/C=C\CCC2O1,,"Understanding the Structure Polymerization Thermodynamics Relationships of Fused-Ring Cyclooctenes for Developing Chemically Recyclable Polymers	",,
499,poly(trans-cyclobutane-fused cyclooctene) [ester disubstituted],Yes,,,dichloromethane,-15.1,,ss,ROMP,O=C(C1C(C(OC)=O)C2CC/C=C\CCC21)OC,COC(=O)C1C2CC/C=C\CCC2C1C(=O)OC,,"Understanding the Structure Polymerization Thermodynamics Relationships of Fused-Ring Cyclooctenes for Developing Chemically Recyclable Polymers	",,
514,poly(trans-cyclobutane-fused cyclooctene) [imide disubstituted],Yes,,,dichloromethane,-20.5,,ss,ROMP,O=C1N(C2=CC=CC=C2)C(C3C4CC/C=C\CCC4C31)=O,O=C1C2C3CC/C=C\CCC3C2C(=O)N1c1ccccc1,,"Understanding the Structure Polymerization Thermodynamics Relationships of Fused-Ring Cyclooctenes for Developing Chemically Recyclable Polymers	",,
422,fused cyclooctene m3b,Yes,,,dichloromethane,-11.3,,ss,ROMP,CC2O[C@H]1CC/C=C\CC[C@@H]1O2,CC1O[C@H]2CC/C=C\CC[C@@H]2O1,,Understanding the Structure_Polymerization Thermodynamics Relationships of Fused-Ring Cyclooctenes for Developing Chemically Recyclable Polymers,JPCA DB,
395,fused cyclooctene m3c,Yes,,,dichloromethane,-20.5,,ss,ROMP,CC2(C)O[C@H]1CC/C=C\CC[C@@H]1O2,CC1(C)O[C@H]2CC/C=C\CC[C@@H]2O1,,Understanding the StructureÐPolymerization Thermodynamics Relationships of Fused-Ring Cyclooctenes for Developing Chemically Recyclable Polymers,JPCA DB,
474,Heptanal,Yes ,,,,-25,-173,c'c',aldehyde,CCCCCCC=O,CCCCCCC=O,,PHB,,
561,beta propiolactone,Yes (pg 2255),,,,-51,126.85,la,ROP,C1COC1=O,O=C1CCO1,,THE THERMODYNAMIC PROPERTIES OF fl-PROPIOLACTONE ITS POLYMER AND ITS POLYMERIZATION IN THE 0-400Â°K RANGE,,
503,LpOEt,,,,tetrahydrofuran,60,,ss,cyclic,O=C(OC)CCCCC1SSCC1,COC(=O)CCCCC1CCSS1,,Architecture-Controlled Ring-Opening Polymerization for Dynamic Covalent Poly(disulfide)s,JPCA DB,
80,Ethylene,,,,,-142.256,25,gg,vinyl,C=C,C=C,,CHANGES OF ENTROPY AND HEAT CONTENT DURING POLYMERIZATION ,,
81,Ethylene,,,,,-143.9296,25,gg,vinyl,C=C,C=C,,CHANGES OF ENTROPY AND HEAT CONTENT DURING POLYMERIZATION ,,
82,Ethylene,,,,,-162.08816,25,gc,vinyl,C=C,C=C,,CHANGES OF ENTROPY AND HEAT CONTENT DURING POLYMERIZATION ,,
97,1-Butene,,,,Friedel- Crafts' catalysts,-154.808,76.85,lc,vinyl,CCC=C,C=CCC,,CHANGES OF ENTROPY AND HEAT CONTENT DURING POLYMERIZATION ,vinyl,
123,Methyl methacrylate,,,,photosensitized by diacetyl ,-101.6712,25,lsm,acrylate,CC(=C)C(=O)OC,C=C(C)C(=O)OC,,CHANGES OF ENTROPY AND HEAT CONTENT DURING POLYMERIZATION ,,
137,alpha-methyl styrene,,,,,-108.784,76.85,lc,vinyl,CC(=C)C1=CC=CC=C1,C=C(C)c1ccccc1,,CHANGES OF ENTROPY AND HEAT CONTENT DURING POLYMERIZATION ,,
10,L-Lactide,,,,"1,4-dioxanesolvent",-41.1,,ss,ROP,C[C@H]1C(=O)O[C@H](C(=O)O1)C,C[C@@H]1OC(=O)[C@H](C)OC1=O,,Thermodynamics of L-lactide polymerization. Equilibrium monomer concentration,delH = -22.9kJ-mol-1,