,index,Solvent,dS (J/mol/K),Temp (C),BASE_State,BASE_Category,Monomer SMILES,Canonical SMILES,BASE_Monomer_State,BASE_Polymer_State
0,0,toluene,-43.8,,ss,ROP,C[C@H]1C(=O)O[C@H](C(=O)O1)C,C[C@@H]1OC(=O)[C@H](C)OC1=O,s,s
1,1,,-40.7,27.0,ls,ROP,C[C@H]1C(=O)O[C@H](C(=O)O1)C,C[C@@H]1OC(=O)[C@H](C)OC1=O,l,s
2,2,chlorobenzene,-34.0,27.0,ss,ROP,C[C@H]1C(=O)O[C@H](C(=O)O1)C,C[C@@H]1OC(=O)[C@H](C)OC1=O,s,s
3,3,dimethyl sulfoxide,-22.0,,ss,ROP,C[C@H]1C(=O)O[C@H](C(=O)O1)C,C[C@@H]1OC(=O)[C@H](C)OC1=O,s,s
4,4,dimethylformamide,-43.0,,ss,ROP,C[C@H]1C(=O)O[C@H](C(=O)O1)C,C[C@@H]1OC(=O)[C@H](C)OC1=O,s,s
5,5,dioxane,-25.0,,ss,ROP,C[C@H]1C(=O)O[C@H](C(=O)O1)C,C[C@@H]1OC(=O)[C@H](C)OC1=O,s,s
6,6,gamma valerolactone,-46.0,,ss,ROP,C[C@H]1C(=O)O[C@H](C(=O)O1)C,C[C@@H]1OC(=O)[C@H](C)OC1=O,s,s
7,7,dioxane,-41.0,,ss,ROP,C[C@H]1C(=O)O[C@H](C(=O)O1)C,C[C@@H]1OC(=O)[C@H](C)OC1=O,s,s
8,8,nitrobenzene,-25.0,40.0,ss,ROP,C[C@H]1C(=O)O[C@H](C(=O)O1)C,C[C@@H]1OC(=O)[C@H](C)OC1=O,s,s
9,9,"1,4-dioxane",-41.1,105.0,ss,ROP,C[C@H]1C(=O)O[C@H](C(=O)O1)C,C[C@@H]1OC(=O)[C@H](C)OC1=O,s,s
10,10,,-75.5,,ls,ROMP,C[Si](C)(C)C1CC2C=CC1C2,C[Si](C)(C)C1CC2C=CC1C2,l,s
11,11,toluene,-49.95,,ss,ROMP,C[Si](C)(OC1C=CCC1)C,C[Si](C)(C)OC1C=CCC1,s,s
12,12,dichloromethane,6.0,100.0,ss,cationic,C[Si](C)(C)OP1(=O)OCCCO1,C[Si](C)(C)OP1(=O)OCCCO1,s,s
13,13,,-18.1,25.0,ls,cationic,C[Si]1(C)C[Si](C)(C)C1,C[Si]1(C)C[Si](C)(C)C1,l,s
14,14,,-71.2,25.0,ls,cationic,C[Si]1(CCC1)C,C[Si]1(C)CCC1,l,s
15,15,,-20.9,,ls,cationic,C[Si]1(O[Si](O[Si](O[Si](O1)(C)C)(C)C)(C)C)C,C[Si]1(C)O[Si](C)(C)O[Si](C)(C)O[Si](C)(C)O1,l,s
16,16,,-3.03,,ls,cationic,C[Si]1(O[Si](O[Si](O1)(C)C)(C)C)C,C[Si]1(C)O[Si](C)(C)O[Si](C)(C)O1,l,s
17,17,,-57.4,,ls,cationic,C[Si]1(CCC1)C2=CC=CC=C2,C[Si]1(c2ccccc2)CCC1,l,s
18,18,,-96.5,,ls,vinyl,C/C=C/C,C/C=C/C,l,s
19,19,,-184.5,,gg,vinyl,C/C=C/C,C/C=C/C,g,g
20,20,,-182.0,327.0,gg,vinyl,C/C=C/C(C)C,C/C=C/C(C)C,g,g
21,21,,-130.0,25.0,ls,vinyl,C/C=C/C(C)C,C/C=C/C(C)C,l,s
22,22,,-110.0,,ls,vinyl,CC/C=C/C,C/C=C/CC,l,s
23,23,,-190.0,,gg,vinyl,CC/C=C/C,C/C=C/CC,g,g
24,24,,-101.5,,ls,vinyl,C/C=C\C,C/C=C\C,l,s
25,25,,-172.0,227.0,gg,vinyl,C/C=C\C,C/C=C\C,g,g
26,26,,-183.0,327.0,gg,vinyl,C/C=C\C(C)C,C/C=C\C(C)C,g,g
27,27,,-134.0,25.0,ls,vinyl,C/C=C\C(C)C,C/C=C\C(C)C,l,s
28,28,,-115.5,,ls,vinyl,CC/C=C\C,C/C=C\CC,l,s
29,29,,-190.0,,gg,vinyl,CC/C=C\C,C/C=C\CC,g,g
30,30,,-59.0,-173.0,ls,vinyl,C=C,C=C,l,s
31,31,,-311.0,227.0,gg,vinyl,C=C,C=C,g,g
32,33,"1,2-Dichlorobenzene",-130.0,127.0,ss,vinyl,CC(=C)C(=O)OC,C=C(C)C(=O)OC,s,s
33,34,,-113.43,,ls,vinyl,CC(=C)C(=O)OC,C=C(C)C(=O)OC,l,s
34,35,dichloromethane,-100.7,,ss,vinyl,CC1=C(C(=CC=C1)C)OC(=O)C(=C)C,C=C(C)C(=O)Oc1c(C)cccc1C,s,s
35,36,,-85.0,227.0,ls,vinyl,CC(=C)C(=O)OC1=CC=CC=C1C(=O)O,C=C(C)C(=O)Oc1ccccc1C(=O)O,l,s
36,37,,-126.0,120.0,ls,vinyl,CCOC(=O)C(=C)C,C=C(C)C(=O)OCC,l,s
37,38,benzonitrile,-151.0,127.0,ss,vinyl,CC(=C)C#N,C=C(C)C#N,s,s
38,39,tetrahydrofuran,-122.0,-5.0,ss,vinyl,CC(=C)C1=CC2=CC=CC=C2C=C1,C=C(C)c1ccc2ccccc2c1,s,s
39,40,toluene,-125.0,10.0,ss,vinyl,CC(=C)C1=CC2=CC=CC=C2C=C1,C=C(C)c1ccc2ccccc2c1,s,s
40,41,cyclohexane,-163.3,22.0,ss,vinyl,CC(=C)C1=CC=CC=C1,C=C(C)c1ccccc1,s,s
41,42,n-heptane,-51.0,-10.0,ss,vinyl,CC(=C)C1=CC=CC=C1,C=C(C)c1ccccc1,s,s
42,43,tetrahydrofuran,-130.0,-20.0,ss,vinyl,CC(=C)C1=CC=CC=C1,C=C(C)c1ccccc1,s,s
43,44,toluene,-47.0,-10.0,ss,vinyl,CC(=C)C1=CC=CC=C1,C=C(C)c1ccccc1,s,s
44,45,,-109.392,,ls,vinyl,CC(=C)C1=CC=CC=C1,C=C(C)c1ccccc1,l,s
45,46,tetrahydrofuran,-70.0,20.0,ss,vinyl,CC(=C)C1=CC=CC=N1,C=C(C)c1ccccn1,s,s
46,47,tetrahydrofuran,-96.0,20.0,ss,vinyl,C=C(C)c1ncco1,C=C(C)c1ncco1,s,s
47,48,tetrahydrofuran,-69.0,20.0,ss,vinyl,CC(=C)C1=NC=CS1,C=C(C)c1nccs1,s,s
48,49,,-105.0,87.0,ls,vinyl,C=C(CC)C(OC)=O,C=C(CC)C(=O)OC,l,s
49,50,,-98.5,,ls,vinyl,C=C(Cl)Cl,C=C(Cl)Cl,l,s
50,51,,-193.0,,gg,vinyl,C=C(Cl)Cl,C=C(Cl)Cl,g,g
51,52,toluene,103.0,,ss,vinyl,CC(C)C1CCC(C)CC1OC(C(NC(C)=O)=C)=O,C=C(NC(C)=O)C(=O)OC1CC(C)CCC1C(C)C,s,s
52,53,,-109.5,25.0,ls,vinyl,C[Si](C)(C)(C=C),C=C[Si](C)(C)C,l,s
53,54,,-127.5,25.0,ls,vinyl,C[Si](C)(C=C)C1=CC=CC=C1,C=C[Si](C)(C)c1ccccc1,l,s
54,55,,-95.4,,ls,vinyl,C[Si](C)(CC1=CC=CC=C1)C=C,C=C[Si](C)(C)Cc1ccccc1,l,s
55,56,dimethylformamide,-108.8,83.0,ss,vinyl,C=C1CCCOC1=O,C=C1CCCOC1=O,s,s
56,57,dichloromethane-D,-40.1,,ss,vinyl,C=C1CCOC1=O,C=C1CCOC1=O,s,s
57,58,toluene,-81.2,,ss,vinyl,O=C1OC(C)(C(C)C)OC1=C,C=C1OC(C)(C(C)C)OC1=O,s,s
58,59,,-198.0,,gg,vinyl,CC=C,C=CC,g,g
59,60,,-114.5,,ls,vinyl,CC=C,C=CC,l,s
60,61,,-101.0,25.0,ls,misc,CC(=C)C=C,C=CC(=C)C,l,s
61,62,,-99.67,,ls,vinyl,CCOC(=O)C=C,C=CC(=O)OCC,l,s
62,63,,-109.0,25.0,ls,vinyl,C=CC#N,C=CC#N,l,s
63,64,,-86.5,,ls,misc,C=CC=C,C=CC=C,l,s
64,65,,-22.9,,ls,ROP,CC=C1CCC(OC1=O)C=C,C=CC1CCC(=CC)C(=O)O1,l,s
65,67,,-105.4,,ls,vinyl,C=CC1=CC=CC=C1,C=Cc1ccccc1,l,s
66,68,,-149.0,25.0,gg,vinyl,C=CC1=CC=CC=C1,C=Cc1ccccc1,g,g
67,69,,-93.0,,ls,vinyl,C=CC1CCCCC1,C=CC1CCCCC1,l,s
68,70,,-100.25,,ls,vinyl,CCC=C,C=CCC,l,s
69,71,,-182.0,227.0,gg,vinyl,CCC=C,C=CCC,g,g
70,72,,-121.0,,ls,vinyl,CC(C)CC=C,C=CCC(C)C,l,s
71,73,,-176.0,327.0,gg,vinyl,CC(C)CC=C,C=CCC(C)C,g,g
72,74,,-118.5,,ls,vinyl,CCCC=C,C=CCCC,l,s
73,75,,-194.0,,gg,vinyl,CCCC=C,C=CCCC,g,g
74,76,,-113.0,,ls,vinyl,CCCCC=C,C=CCCCC,l,s
75,77,,-168.0,25.0,gg,vinyl,CCCCCC=C,C=CCCCCC,g,g
76,78,,-92.67,,ls,vinyl,C=CCOC(=O)C=C,C=CCOC(=O)C=C,l,s
77,79,acetonitrile,-26.8,,ss,ROP,C1C(CC)(COCC=C)COC(=O)O1,C=CCOCC1(CC)COC(=O)OC1,s,s
78,80,toluene,-46.6,,ss,ROP,C1C(CC)(COCC=C)COC(=O)O1,C=CCOCC1(CC)COC(=O)OC1,s,s
79,81,,-6.9,,ls,ROP,C1C(CC)(COCC=C)COC(=O)O1,C=CCOCC1(CC)COC(=O)OC1,l,s
80,82,,-48.33,,ls,vinyl,C=CCOCCOC(=O)C=C,C=CCOCCOC(=O)C=C,l,s
81,83,pyridine,-28.1,,ss,ROP,C=CCOCCOCCOCCOC(=O)NC1C(=O)SC1(C)C,C=CCOCCOCCOCCOC(=O)NC1C(=O)SC1(C)C,s,s
82,84,,-109.6208,25.0,ls,vinyl,CC(=O)OC=C,C=COC(C)=O,l,s
83,85,,-135.98,,gg,ionic,C=O,C=O,g,g
84,86,dichloromethane,-14.2,,ss,ROMP,C/2=C/CC[C@@H]1CC[C@H]1CC2,C1=C\CC[C@@H]2CC[C@H]2CC/1,s,s
85,87,dichloromethane,-13.4,,ss,ROMP,C/2=C/CC[C@@H]1CCC[C@H]1CC2,C1=C\CC[C@@H]2CCC[C@H]2CC/1,s,s
86,88,dichloromethane,-13.8,,ss,ROMP,C/3=C/CC[C@@H]2OC1(CCCCC1)O[C@H]2CC3,C1=C\CC[C@@H]2OC3(CCCCC3)O[C@H]2CC/1,s,s
87,89,dichloromethane,-12.1,,ss,ROMP,C/2=C/CC[C@@H]1OCO[C@H]1CC2,C1=C\CC[C@@H]2OCO[C@H]2CC/1,s,s
88,90,dichloromethane,-13.8,,ss,ROMP,C12CC/C=C\CCC1OC3(CCCCC3)O2,C1=C\CCC2OC3(CCCCC3)OC2CC/1,s,s
89,91,toluene,-29.3,50.0,ss,ROMP,C1(SSS2)C2C3C(CC=C4)C4C1C3,C1=CC2C(C1)C1CC2C2SSSC12,s,s
90,92,,-75.5,,ls,ROMP,C1CC2CC1C=C2,C1=CC2CCC1C2,l,s
91,93,toluene,-98.0,60.0,ss,vinyl,C1=CC2=C3C(=C1)C=CC3=CC=C2,C1=Cc2cccc3cccc1c23,s,s
92,94,toluene,-79.9,,ss,ROMP,C1C=CCC1C2=CC=CC=C2,C1=CCC(c2ccccc2)C1,s,s
93,95,dichloromethane,-68.5,,ss,ROMP,C1(COCC2=CC=CC=C2)CC=CC1,C1=CCC(COCc2ccccc2)C1,s,s
94,96,tetrahydrofuran,-59.6,,ss,ROMP,C1(OCC2=CC=CC=C2)CC=CC1,C1=CCC(OCc2ccccc2)C1,s,s
95,97,,-131.0,25.0,gg,ROMP,C1CC=C1,C1=CCC1,g,g
96,98,,-52.0,25.0,ls,ROMP,C1CC=C1,C1=CCC1,l,s
97,99,tetrahydrofuran,-54.2,,ss,ROMP,C1CC=CC1,C1=CCCC1,s,s
98,100,,-54.0,73.0,ls,ROMP,C1CC=CC1,C1=CCCC1,l,s
99,101,toluene,-77.4,,ss,ROMP,C1=CCCC1,C1=CCCC1,s,s
100,102,toluene,-17.0,-65.0,ss,ROMP,C1CCC=CC1,C1=CCCCC1,s,s
101,103,,-36.0,51.0,ls,ROMP,C1CCC=CCC1,C1=CCCCCC1,l,s
102,104,,-9.0,57.0,ls,ROMP,C1CCCC=CCC1,C1=CCCCCCC1,l,s
103,105,,-69.0,25.0,ls,cyclic,C1CC1,C1CC1,l,s
104,106,,-55.0,25.0,ls,cyclic,C1CCC1,C1CCC1,l,s
105,107,,-43.0,25.0,ls,cationic,C1CCCC1,C1CCCC1,l,s
106,108,,-11.0,25.0,ls,cyclic,C1CCCCC1,C1CCCCC1,l,s
107,109,,-16.0,25.0,ls,cyclic,C1CCCCCC1,C1CCCCCC1,l,s
108,110,,-3.0,25.0,ls,cationic,C1CCCCCCC1,C1CCCCCCC1,l,s
109,111,,12.4,25.0,ls,cationic,C1CCCOCC1,C1CCCOCC1,l,s
110,112,,-91.8,25.0,gg,cationic,C1CCCOCC1,C1CCCOCC1,g,g
111,113,diethyl ether,-87.0,40.0,ss,cationic,C1CCOC1,C1CCOC1,s,s
112,114,,-131.33,,gg,cationic,C1CCOC1,C1CCOC1,g,g
113,115,,-67.0,40.0,ls,cationic,C1CCOC1,C1CCOC1,l,s
114,116,benzene,-39.0,60.0,ss,cationic,C1CCOCOC1,C1CCOCOC1,s,s
115,117,"1,2-dichloroethane",-43.0,0.0,ss,cationic,C1CCOCOC1,C1CCOCOC1,s,s
116,118,dichloromethane,-48.0,-30.0,ss,cationic,C1CCOCOC1,C1CCOCOC1,s,s
117,119,,-32.05,,ls,cationic,C1CCOCOC1,C1CCOCOC1,l,s
118,120,toluene,-26.0,75.0,ss,cationic,C1CCOCOC1,C1CCOCOC1,s,s
119,121,,-131.4,25.0,gg,cationic,C1CCOCOC1,C1CCOCOC1,g,g
120,122,,-10.2,25.0,ls,cationic,C1CCOCOCC1,C1CCOCOCC1,l,s
121,123,,-121.7,25.0,gg,cationic,C1CCOCOCC1,C1CCOCOCC1,g,g
122,124,,-51.9,27.0,ls,cationic,C1CN1,C1CN1,l,s
123,125,,-174.0,25.0,gg,cationic,C1CO1,C1CO1,g,g
124,126,,-68.4,25.0,ls,cationic,C1COC1,C1COC1,l,s
125,127,,-162.7,25.0,gg,cationic,C1COC1,C1COC1,g,g
126,128,gamma valerolactone,-78.0,,ss,cationic,C1COCO1,C1COCO1,s,s
127,129,,-48.5,,ls,cationic,C1COCO1,C1COCO1,l,s
128,130,benzene,-59.0,30.0,ss,cationic,C1COCO1,C1COCO1,s,s
129,131,chloromethane,-94.0,20.0,ss,cationic,C1COCO1,C1COCO1,s,s
130,132,dichloromethane,-78.0,0.0,ss,cationic,C1COCO1,C1COCO1,s,s
131,133,toluene,-22.0,75.0,ss,cationic,C1COCO1,C1COCO1,s,s
132,134,,-151.0,,gg,cationic,C1COCO1,C1COCO1,g,g
133,135,,-23.0,20.0,ls,cationic,C1COCOC1,C1COCOC1,l,s
134,136,benzene,-39.0,60.0,ss,cationic,C1COCOCCO1,C1COCOCCO1,s,s
135,137,toluene,-13.0,20.0,ss,cationic,C1COCOCCO1,C1COCOCCO1,s,s
136,138,,-8.0,25.0,ls,cationic,C1COCOCCO1,C1COCOCCO1,l,s
137,139,,-129.1,25.0,gg,cationic,C1COCOCCO1,C1COCOCCO1,g,g
138,140,,-51.0,25.0,gg,cationic,C1COOOO1,C1COOOO1,g,g
139,141,,3.0,27.0,ls,cationic,C1COOOO1,C1COOOO1,l,s
140,142,,-156.0,25.0,gg,cationic,C1OCOCO1,C1OCOCO1,g,g
141,143,"1,2-dichloroethane",-41.0,40.0,ss,cationic,C1OCOCO1,C1OCOCO1,s,s
142,144,nitrobenzene,-42.0,25.0,ss,cationic,C1OCOCO1,C1OCOCO1,s,s
143,145,,-18.0,25.0,ls,cationic,C1OCOCO1,C1OCOCO1,l,s
144,146,,-93.6,-80.0,ls,ionic,CC(=O)CCC=O,CC(=O)CCC=O,l,s
145,147,,293.3,,gg,ionic,CC(=O)O,CC(=O)O,g,g
146,148,toluene,-30.0,,ss,ROMP,C[Si](C(C)(C)C)(OC1C=CCC1)C,CC(C)(C)[Si](C)(C)OC1C=CCC1,s,s
147,149,tetrahydrofuran,-58.5,,ss,ROMP,C[Si](OC1CC=CC1)(C)C(C)(C)C,CC(C)(C)[Si](C)(C)OC1CC=CC1,s,s
148,150,dichloromethane+chloroform,-40.4,,ss,ROP,CC(C)(C)OC(=O)N1CC2CC1C(=O)S2,CC(C)(C)OC(=O)N1CC2CC1C(=O)S2,s,s
149,151,tetrahydrofuran,-90.0,-65.0,ss,ionic,CC(C)(Cl)C=O,CC(C)(Cl)C=O,s,s
150,152,toluene,-27.4,,ss,cationic,C[C@@H]1CC[C@H](C(=O)C1)C(C)C,CC(C)[C@@H]1CC[C@@H](C)CC1=O,s,s
151,153,,-188.0,25.0,gg,ionic,CC(=O)C,CC(C)=O,g,g
152,154,,-48.9,,ls,ionic,CC(=S)C,CC(C)=S,l,s
153,155,diethyl ether,-78.0,-65.0,ss,ionic,CC(C)C=O,CC(C)C=O,s,s
154,156,n-pentane,-94.0,65.0,ss,ionic,CC(C)C=O,CC(C)C=O,s,s
155,157,tetrahydrofuran,-74.0,-65.0,ss,ionic,CC(C)C=O,CC(C)C=O,s,s
156,158,,-60.7,80.0,ls,cationic,CC(C)C1COCO1,CC(C)C1COCO1,l,s
157,159,tetrahydrofuran,-74.0,-65.0,ss,ionic,CC(C=O)(Cl)Cl,CC(Cl)(Cl)C=O,s,s
158,160,toluene,-80.0,,ss,ROMP,CC[Si](CC)(OC1C=CCC1)CC,CC[Si](CC)(CC)OC1C=CCC1,s,s
159,161,,-25.0,25.0,ls,cationic,CC[Si]1(O[Si](O[Si](O1)(CC)CC)(CC)CC)CC,CC[Si]1(CC)O[Si](CC)(CC)O[Si](CC)(CC)O1,l,s
160,162,,-17.5,,ls,ionic,CC=O,CC=O,l,s
161,163,,-93.0,25.0,ls,cationic,CC1(C)CC1,CC1(C)CC1,l,s
162,164,,-75.0,25.0,ls,cyclic,CC1(C)CCC1,CC1(C)CCC1,l,s
163,165,,-66.0,25.0,ls,cationic,CC1(C)CCCC1,CC1(C)CCCC1,l,s
164,166,,-36.0,25.0,ls,cyclic,CC1(C)CCCCC1,CC1(C)CCCCC1,l,s
165,167,toluene,-44.6,,ss,ROP,C1CCOC(=O)C(C)(C)1,CC1(C)CCCOC1=O,s,s
166,168,,16.2,,ls,ROP,O=C(OCC(C)(C)COC(C1=CC=C(C(OCC(C)(C)COC2=O)=O)C=C1)=O)C3=CC=C2C=C3,CC1(C)COC(=O)c2ccc(cc2)C(=O)OCC(C)(C)COC(=O)c2ccc(cc2)C(=O)OC1,l,s
167,169,,-24.0,147.0,ls,ROP,CC1(C)COC(=O)OC1,CC1(C)COC(=O)OC1,l,s
168,170,tetrahydrofuran,-43.9,,ss,ROP,CC1(C)COC(=O)OC1,CC1(C)COC(=O)OC1,s,s
169,171,,-54.8,80.0,ls,cationic,CC1(C)COCO1,CC1(C)COCO1,l,s
170,172,dichloromethane,-20.5,,ss,ROMP,CC2(C)O[C@H]1CC/C=C\CC[C@@H]1O2,CC1(C)O[C@H]2CC/C=C\CC[C@@H]2O1,s,s
171,173,dichloromethane,-20.5,,ss,ROMP,CC1(C)OC2CC/C=C\CCC2O1,CC1(C)OC2CC/C=C\CCC2O1,s,s
172,174,toluene,-64.8,,ss,ROP,CC2(C)Oc1ccccc1COC2=O,CC1(C)Oc2ccccc2COC1=O,s,s
173,175,tetrahydrofuran,-40.6,,ss,ROP,CC2(c1ccccc1)COC(=O)OC2,CC1(c2ccccc2)COC(=O)OC1,s,s
174,176,toluene,-29.7,,ls,ROP,CC1CC(C)(C)COC(=O)C1,CC1CC(=O)OCC(C)(C)C1,l,s
175,177,,-27.4,,ls,ROP,CC(C)C1CC(=O)OC(C)C1,CC1CC(C(C)C)CC(=O)O1,l,s
176,178,,-85.0,25.0,ls,cationic,CC1CC1,CC1CC1,l,s
177,179,,-45.0,,ls,ROP,C1C(C)COC(=O)C1,CC1CCC(=O)OC1,l,s
178,180,toluene,-27.4,,ss,ROP,CC1CCC(C(C)C)OC(=O)C1,CC1CCC(C(C)C)OC(=O)C1,s,s
179,181,,-72.0,25.0,ls,cyclic,CC1CCC1,CC1CCC1,l,s
180,182,dichloromethane+toluene,-41.2,,ss,ROP,CC1CCCC(=O)O1,CC1CCCC(=O)O1,s,s
181,183,,-62.0,,ls,ROP,CC1CCCC(=O)O1,CC1CCCC(=O)O1,l,s
182,184,,-64.0,25.0,ls,cyclic,CC1CCCC1,CC1CCCC1,l,s
183,185,,-21.0,225.0,ls ,ROP,CC1CCCCC(=O)N1,CC1CCCCC(=O)N1,l,
184,186,,-32.0,25.0,ls,cyclic,CC1CCCCC1,CC1CCCCC1,l,s
185,187,,-11.0,260.0,ls ,ROP,CC1CCCCNC1=O,CC1CCCCNC1=O,l,
186,188,,-34.0,,ls,ROP,C1CCOC(=O)C(C)1,CC1CCCOC1=O,l,s
187,189,dichloroethane,-38.8,-15.0,ss,cationic,CC1CCCOCO1,CC1CCCOCO1,s,s
188,190,toluene,8.65,,ss,ROP,CC1CCCSC(=S)S1,CC1CCCSC(=S)S1,s,s
189,191,chloroform-D,-26.2,,ss,ROP,O=C1SCCCC1C,CC1CCCSC1=O,s,s
190,192,,-16.0,200.0,ls ,ROP,CC1CCNC(=O)CC1,CC1CCNC(=O)CC1,l,
191,193,,-46.0,,ls,ROP,C1(C)CCOC(=O)C1,CC1CCOC(=O)C1,l,s
192,194,,-100.9,-6.0,ls,cationic,CC1CCOC1,CC1CCOC1,l,s
193,195,,-189.0,25.0,gg,cationic,CC1CO1,CC1CO1,g,g
194,196,,10.1,,ls,ROP,O=C(OCC(C)COC(C1=CC=C(C(OCC(C)COC2=O)=O)C=C1)=O)C3=CC=C2C=C3,CC1COC(=O)c2ccc(cc2)C(=O)OCC(C)COC(=O)c2ccc(cc2)C(=O)OC1,l,s
195,197,,-53.2,-8.0,ls,cationic,CC1COCO1,CC1COCO1,l,s
196,198,dichloromethane,-11.3,,ss,ROMP,CC2O[C@H]1CC/C=C\CC[C@@H]1O2,CC1O[C@H]2CC/C=C\CC[C@@H]2O1,s,s
197,199,,31.3,25.0,ls,ROP,CC1C(=O)OC(C(=O)O1)C,CC1OC(=O)C(C)OC1=O,l,s
198,200,,-13.0,127.0,ls,ROP,CC1C(=O)OC(C(=O)O1)C,CC1OC(=O)C(C)OC1=O,l,s
199,201,dichloromethane,-11.3,,ss,ROMP,CC1OC2CC/C=C\CCC2O1,CC1OC2CC/C=C\CCC2O1,s,s
200,202,,-52.0,,ls,ROP,O1C(C)OC(=O)CC1,CC1OCCC(=O)O1,l,s
201,203,"1,2-dichloroethane",-37.2,15.0,ss,cationic,CC1OCCCCO1,CC1OCCCCO1,s,s
202,204,dichloromethane,-39.0,-10.0,ss,cationic,CC1OCCCCO1,CC1OCCCCO1,s,s
203,205,toluene,-42.0,,ss,ROP,C1COC(=O)C(C)O1,CC1OCCOC1=O,s,s
204,206,,-39.2,,ls,ROP,C1COC(=O)C(C)O1,CC1OCCOC1=O,l,s
205,207,,-55.3,80.0,ls,cationic,CC1C(OCO1)C,CC1OCOC1C,l,s
206,208,toluene,-23.9,,ss,ROP,CC1SC(=O)C(C)SC1=O,CC1SC(=O)C(C)SC1=O,s,s
207,209,,-39.9,,ls,ROP,CC1SCCSC1=O,CC1SCCSC1=O,l,s
208,210,,-73.3,,ls,ionic,CCC=O,CCC=O,l,s
209,211,tetrahydrofuran,-10.0,,ss,ROP,CCC2(c1ccccc1)COC(=O)OC2,CCC1(c2ccccc2)COC(=O)OC1,s,s
210,212,toluene,-79.6,,ss,ROP,C1CCOC(=O)C(CC)(CC)1,CCC1(CC)CCCOC1=O,s,s
211,213,tetrahydrofuran,-45.6,,ss,ROP,CCC1(CC)COC(=O)OC1,CCC1(CC)COC(=O)OC1,s,s
212,214,,-30.7,,ls,ROP,O=C1C(CC)CCC(CC)O1,CCC1CCC(CC)C(=O)O1,l,s
213,215,,-55.0,,ls,ROP,CCC1CCCC(=O)O1,CCC1CCCC(=O)O1,l,s
214,216,,-59.4,-24.0,ls,cationic,CCC1COCO1,CCC1COCO1,l,s
215,217,dichloromethane,-38.9,,ss,ionic,CCCC=O,CCCC=O,s,s
216,218,n-hexane,-122.0,10.0,ss,ionic,CCCC=O,CCCC=O,s,s
217,219,toluene,-70.2,,ss,ROP,C1CCOC(=O)C(CCC)(CCC)1,CCCC1(CCC)CCCOC1=O,s,s
218,220,,-60.0,,ls,ROP,CCCC1CCCC(=O)O1,CCCC1CCCC(=O)O1,l,s
219,221,dichloromethane,-12.1336,,ss,misc,O=CC1=CC(C#CCCCC)=C(C#CCCCC)C=C1C=O,CCCCC#Cc1cc(C=O)c(C=O)cc1C#CCCCC,s,s
220,222,tetrahydrofuran,-107.6,-75.0,ss,ionic,CCCCC=O,CCCCC=O,s,s
221,223,,-97.1,-75.0,ls,ionic,CCCCC=O,CCCCC=O,l,s
222,224,toluene,-53.9,,ss,ROP,C1CCOC(=O)C(CCCC)(CCCC)1,CCCCC1(CCCC)CCCOC1=O,s,s
223,225,dichloromethane,-20.92,,ss,ROMP,CCCCC2(CCCC)O[C@H]1CC/C=C\CC[C@@H]1O2,CCCCC1(CCCC)O[C@H]2CC/C=C\CC[C@@H]2O1,s,s
224,226,dichloromethane,-20.9,,ss,ROMP,CCCCC1(CCCC)OC2CC/C=C\CCC2O1,CCCCC1(CCCC)OC2CC/C=C\CCC2O1,s,s
225,227,,-55.0,,ls,ROP,CCCCC1CCCC(=O)O1,CCCCC1CCCC(=O)O1,l,s
226,228,dichloroethane,-33.0,-5.0,ss,cationic,CCCCC1OCCCCO1,CCCCC1OCCCCO1,s,s
227,229,toluene,-16.0,10.0,ss,cationic,CCCCC1OCCOCCO1,CCCCC1OCCOCCO1,s,s
228,230,,-116.0,,ls,ionic,CCCCCC=O,CCCCCC=O,l,s
229,231,toluene,-46.5,,ss,ROP,C1CCOC(=O)C(CCCCC)(CCCCC)1,CCCCCC1(CCCCC)CCCOC1=O,s,s
230,232,,55.5,,ls,ROP,CCCCCC1CCCC(=O)O1,CCCCCC1CCCC(=O)O1,l,s
231,233,,-110.0,97.0,ls,ionic,CCCCCCC=O,CCCCCCC=O,l,s
232,234,toluene,-65.6,,ss,ROP,C1CCOC(=O)C(CCCCCC)(CCCCCC)1,CCCCCCC1(CCCCCC)CCCOC1=O,s,s
233,235,,-58.0,,ls,ROP,CCCCCCC1CCCC(=O)O1,CCCCCCC1CCCC(=O)O1,l,s
234,236,tetrahydrofuran,-65.7,-75.0,ss,ionic,CCCCCCCC=O,CCCCCCCC=O,s,s
235,237,,-57.8,-75.0,ls,ionic,CCCCCCCC=O,CCCCCCCC=O,l,s
236,238,,-59.0,,ls,ROP,CCCCCCCC1CCCC(=O)O1,CCCCCCCC1CCCC(=O)O1,l,s
237,239,,-55.0,,ls,ROP,CCCCCCCCCC1CCCC(=O)O1,CCCCCCCCCC1CCCC(=O)O1,l,s
238,240,,-148.0,,ls,vinyl,CCCCCCCCCCOC(=O)C=C,CCCCCCCCCCOC(=O)C=C,l,s
239,241,tetrachloroethane,-80.7512,,ss,misc,O=C(N1CCCCCCCC)C2=CC(C=O)=C(C=O)C=C2C1=O,CCCCCCCCN1C(=O)c2cc(C=O)c(C=O)cc2C1=O,s,s
240,242,dichloromethane,-2.4,100.0,ss,cationic,CCCOP1(=O)OCCCO1,CCCOP1(=O)OCCCO1,s,s
241,243,chloroform,-41.0,60.0,ss,ROMP,O=C(C(C#N)c1c(occ2)c2c(C(C(OCC)=O)C#N)cc1)OCC,CCOC(=O)C(C#N)c1ccc(C(C#N)C(=O)OCC)c2occc12,s,s
242,244,dichloromethane,-98.0,,ss,ionic,CCOC(=O)C=O,CCOC(=O)C=O,s,s
243,245,anisole,-51.7,,ss,cationic,O=C(OCC)CCCCC1SSCC1,CCOC(=O)CCCCC1CCSS1,s,s
244,246,dichloromethane,1.5,100.0,ss,cationic,CCOP1(=O)OCCCO1,CCOP1(=O)OCCCO1,s,s
245,247,,-83.0,25.0,ls,cationic,C1C(CO1)(CCl)CCl,ClCC1(CCl)COC1,l,s
246,248,toluene,-18.0,,ss,cyclic,CN1[Si](C)(C)O[Si](C)(C)O[Si]1(C)C,CN1[Si](C)(C)O[Si](C)(C)O[Si]1(C)C,s,s
247,249,,-25.0,25.0,ls,ROP,CN1CCCCC1=O,CN1CCCCC1=O,l,s
248,250,,-29.0,250.0,ls,ROP,CN1CCCCCC1=O,CN1CCCCCC1=O,l,s
249,251,dichloromethane,-99.0,,ss,ionic,COC(=O)C=O,COC(=O)C=O,s,s
250,252,xylene,-15.0624,,ss,ROMP,COC(=O)C2[C@H]1CC/C=C\CC[C@@H]1C2C(=O)OC,COC(=O)C1C(C(=O)OC)[C@H]2CC/C=C\CC[C@H]12,s,s
251,253,dichloromethane,-15.1,,ss,ROMP,O=C(C1C(C(OC)=O)C2CC/C=C\CCC21)OC,COC(=O)C1C2CC/C=C\CCC2C1C(=O)OC,s,s
252,254,chloroform-D,-62.3416,,ss,misc,O=CC1=CC(C(OC)=O)=C(C(OC)=O)C=C1C=O,COC(=O)c1cc(C=O)c(C=O)cc1C(=O)OC,s,s
253,255,tetrahydrofuran,-62.2,,ss,ROMP,O=C(OC)C1CC=CC1,COC(=O)C1CC=CC1,s,s
254,256,methanol,-41.0,,ss,ROP,COC(=O)C1CCC(=O)OC1,COC(=O)C1CCC(=O)OC1,s,s
255,257,tetrahydrofuran,60.0,,ss,cyclic,O=C(OC)CCCCC1SSCC1,COC(=O)CCCCC1CCSS1,s,s
256,258,dimethylformamide+dimethylsulfoxide,-31.0,,ss,misc,O=[N+](C1=CC(CC(OC)CCCS2)=C2C=C1)[O-],COC1CCCSc2ccc([N+](=O)[O-])cc2C1,s,s
257,259,tetrahydrofuran,-77.0,-80.0,ss,ionic,COCCOCCC=O,COCCOCCC=O,s,s
258,260,,-67.4,80.0,ls,ionic,COCCOCCC=O,COCCOCCC=O,l,s
259,261,dichloromethane,-2.5,100.0,ss,cationic,COP1(=O)OCCCO1,COP1(=O)OCCCO1,s,s
260,262,,-11.7,140.0,ls,cationic,COP1(=O)OCCCO1,COP1(=O)OCCCO1,l,s
261,263,tetrahydrofuran,-56.3,,ss,ROMP,OC(C1CC=CC1)=O,O=C(O)C1CC=CC1,s,s
262,264,tetrahydrofuran,-81.4,,ss,ROMP,O=C(OCC1=CC=CC=C1)C2CC=CC2,O=C(OCc1ccccc1)C1CC=CC1,s,s
263,265,xylene,-20.5,,ss,ROMP,O=C3[C@@H]2[C@H]1CC/C=C\CC[C@@H]1[C@@H]2C(=O)N3c4ccccc4,O=C1[C@@H]2[C@H]3CC/C=C\CC[C@@H]3[C@@H]2C(=O)N1c1ccccc1,s,s
264,266,dimethylformamide,-86.0,55.0,ss,vinyl,O=C1C=CC(=O)N1c2ccccc2,O=C1C=C(c2ccccc2)C(=O)N1,s,s
265,267,dichloromethane,-20.5,,ss,ROMP,O=C1N(C2=CC=CC=C2)C(C3C4CC/C=C\CCC4C31)=O,O=C1C2C3CC/C=C\CCC3C2C(=O)N1c1ccccc1,s,s
266,268,,-65.0,,ls,ROP,O=C2CC1CCCCC1O2,O=C1CC2CCCCC2O1,l,s
267,269,,21.0,127.0,ls,ROP,C1CCCCCCCCCCCOC(=O)CCC1,O=C1CCCCCCCCCCCCCCCO1,l,s
268,270,,23.0,97.0,ls,ROP,C1CCCCCCCCCCOC(=O)CCC1,O=C1CCCCCCCCCCCCCCO1,l,s
269,271,,25.0,127.0,ls,ROP,C1CCCCCCCCCOC(=O)CCC1,O=C1CCCCCCCCCCCCCO1,l,s
270,272,,26.0,127.0,ls,ROP,C1CCCCCCCCOC(=O)CCC1,O=C1CCCCCCCCCCCCO1,l,s
271,273,,25.0,127.0,ls,ROP,C1CCCCCCCOC(=O)CCC1,O=C1CCCCCCCCCCCO1,l,s
272,274,,-16.0,290.0,ls,ROP,C1CCCCCCCCNC(=O)C1,O=C1CCCCCCCCCCN1,l,s
273,275,,24.5,,ls,ROP,C1CCCCCCOC(=O)CCC1,O=C1CCCCCCCCCCO1,l,s
274,276,,18.0,127.0,ls,ROP,C1CCCCCOC(=O)CCC1,O=C1CCCCCCCCCO1,l,s
275,277,,12.0,127.0,ls,ROP,C1CCCCOC(=O)CCC1,O=C1CCCCCCCCO1,l,s
276,278,,5.0,127.0,ls,ROP,C1CCCCOC(=O)CC1,O=C1CCCCCCCO1,l,s
277,279,,-17.0,25.0,ls,ROP,C1CCCCNC(=O)C1,O=C1CCCCCCN1,l,s
278,280,toluene,-33.5,,ss,ROP,O=C1OCCCCCC1,O=C1CCCCCCO1,s,s
279,281,,127.0,,ls,ROP,C1CCCOC(=O)CC1,O=C1CCCCCCO1,l,s
280,282,,-29.0,250.0,ls,ROP,C1CCC(=O)NCC1,O=C1CCCCCN1,l,s
281,283,dichloromethane+toluene,-6.0,,ss,ROP,O=C1CCCCCO1,O=C1CCCCCO1,s,s
282,284,toluene,-53.9,,ss,ROP,C1CCC(=O)OCC1,O=C1CCCCCO1,s,s
283,285,dichloromethane+toluene,-6.0,,ss,ROP,C1CCC(=O)OCC1,O=C1CCCCCO1,s,s
284,286,,-6.0,,ls,ROP,C1CCC(=O)OCC1,O=C1CCCCCO1,l,s
285,287,,-25.0,25.0,ls,ROP,C1CCNC(=O)C1,O=C1CCCCN1,l,s
286,288,toluene,-30.8,,ss,ROP,C1CCOC(=O)C1,O=C1CCCCO1,s,s
287,289,dichloromethane+toluene,-14.7,,ss,ROP,C1CCOC(=O)C1,O=C1CCCCO1,s,s
288,290,,-14.0,,ls,ROP,C1COC(=O)CC1,O=C1CCCCO1,l,s
289,291,tetrahydrofuran,-23.7,,ss,ROP,O=C1CCCCS1,O=C1CCCCS1,s,s
290,292,toluene,-39.6,,ss,ROP,C1CC(=O)OC1,O=C1CCCO1,s,s
291,293,,-30.0,25.0,ls,ROP,C1CC(=O)OC1,O=C1CCCO1,l,s
292,294,,-51.0,127.0,ls,ROP,C1COC1=O,O=C1CCO1,l,s
293,295,,-17.5,277.0,ls,ROP,C1C(=O)OCC(=O)O1,O=C1COC(=O)CO1,l,s
294,296,,-13.0,127.0,ls,ROP,C1COC(=O)CO1,O=C1COCCO1,l,s
295,297,,-30.8,,ls,ROP,O=C1CSCCS1,O=C1CSCCS1,l,s
296,298,benzene,-12.0,,ss,cationic,C1C(=O)OC(=O)CSS1,O=C1CSSCC(=O)O1,s,s
297,299,dimethyl sulfoxide,-71.5,,ss,ROP,O=C1N[C@H]2CCC[C@@H]1O2,O=C1N[C@H]2CCC[C@@H]1O2,s,s
298,300,N-Methyl-2-pyrrolidone,-20.1,,ls,ROP,O=C1NC2CCCC1C2,O=C1NC2CCCC1C2,l,s
299,301,,0.0,,ls,ROP,O=C1NCCCO1,O=C1NCCCO1,l,s
300,302,toluene,-55.8,,ss,ROP,O=C1[C@H]2C[C@@H](O1)CCC2,O=C1O[C@H]2CCC[C@@H]1C2,s,s
301,303,toluene,-58.3,,ss,ROMP,O=C1C2CC(O1)C=CC2,O=C1OC2C=CCC1C2,s,s
302,304,toluene,-88.7,,ss,ROP,O=C1C2CC(O1)C=CC2,O=C1OC2C=CCC1C2,s,s
303,305,toluene,-58.3,,ss,ROMP,O=C1OC2C=CCC1C2,O=C1OC2C=CCC1C2,s,s
304,306,toluene,-88.7,,ss,ROP,O=C1OC2C=CCC1C2,O=C1OC2C=CCC1C2,s,s
305,307,,-127.7,25.0,gg,ROP,O=C1OC2CCC1CC2,O=C1OC2CCC1CC2,g,g
306,308,,-76.2,25.0,ls,ROP,O=C1OC2CCC1CC2,O=C1OC2CCC1CC2,l,s
307,309,toluene,-55.8,,ss,ROP,O=C1OC2CCCC1C2,O=C1OC2CCCC1C2,s,s
308,310,diglyme+tetrahydrofuran,-63.0,,ss,ROP,O=C2OC1CCCCC1O2,O=C1OC2CCCCC2O1,s,s
309,311,toluene,-72.0,,ss,ROP,O=C1OCC2CCCCC12,O=C1OCC2CCCCC12,s,s
310,312,tetrahydrofuran,-44.8,,ss,ROP,O=C1OCCCO1,O=C1OCCCO1,s,s
311,313,,-15.0,142.0,ls,ROP,C1COC(=O)C(=O)O1,O=C1OCCOC1=O,l,s
312,314,,-55.7,,ls,ROP,O=C1S[C@@H]2CC[C@H]1C2,O=C1S[C@@H]2CC[C@H]1C2,l,s
313,315,toluene,-100.0,,ss,ionic,C(=O)C(Br)(Br)Br,O=CC(Br)(Br)Br,s,s
314,316,toluene,-116.0,,ss,ionic,C(=O)C(Br)(Br)Cl,O=CC(Cl)(Br)Br,s,s
315,317,toluene,-122.0,,ss,ionic,C(=O)C(Cl)(Cl)Br,O=CC(Cl)(Cl)Br,s,s
316,318,n-heptane,-142.0,10.0,ss,ionic,C(=O)C(Cl)(Cl)Cl,O=CC(Cl)(Cl)Cl,s,s
317,319,pyridine,-117.0,13.0,ss,ionic,C(=O)C(Cl)(Cl)Cl,O=CC(Cl)(Cl)Cl,s,s
318,320,tetrahydrofuran,-52.0,-50.0,ss,ionic,C(=O)C(Cl)(Cl)Cl,O=CC(Cl)(Cl)Cl,s,s
319,321,toluene,-134.0,,ss,ionic,C(=O)C(Cl)(Cl)Cl,O=CC(Cl)(Cl)Cl,s,s
320,322,,-80.0,25.0,ls,ionic,C(=O)C(Cl)(Cl)Cl,O=CC(Cl)(Cl)Cl,l,s
321,323,,-190.0,50.0,gg,ionic,C(=O)C(Cl)(Cl)Cl,O=CC(Cl)(Cl)Cl,g,g
322,324,,-95.0,50.0,ls,ionic,C(=O)C(Cl)(Cl)Cl,O=CC(Cl)(Cl)Cl,l,s
323,325,toluene,-114.0,,ss,ionic,C(=O)C(Br)(Br)F,O=CC(F)(Br)Br,s,s
324,326,toluene,-122.0,,ss,ionic,C(=O)C(Br)(Cl)F,O=CC(F)(Cl)Br,s,s
325,327,toluene,-179.0,,ss,ionic,C(=O)C(Cl)(Cl)F,O=CC(F)(Cl)Cl,s,s
326,328,toluene,-135.0,,ss,ionic,C(=O)C(Br)(F)F,O=CC(F)(F)Br,s,s
327,329,toluene,-152.0,,ss,ionic,C(=O)C(F)(F)Cl,O=CC(F)(F)Cl,s,s
328,330,toluene,-155.0,,ss,ionic,C(=O)C(F)(F)F,O=CC(F)(F)F,s,s
329,331,,-97.0,25.0,ls,ionic,C(=O)C(F)(F)F,O=CC(F)(F)F,l,s
330,332,,-187.0,45.0,gg,ionic,C(=O)C(F)(F)F,O=CC(F)(F)F,g,g
331,333,dichloromethane,-142.7,25.0,ss,ionic,C(=O)C(F)(F)F,O=CC(F)(F)F,s,s
332,334,,-155.0,,ls,ionic,C(=O)C(F)(F)F,O=CC(F)(F)F,l,s
333,335,tetrachloroethane,-84.1,,ss,misc,FC1=C(F)C(F)=C(F)C(C=O)=C1C=O,O=Cc1c(F)c(F)c(F)c(F)c1C=O,s,s
334,336,dichloromethane,-79.6,,ss,ionic,C1=CC=C(C(=C1)C=O)C=O,O=Cc1ccccc1C=O,s,s
335,337,dichloromethane,-49.8,,ss,misc,O=CC1=CC=CC=C1C=O,O=Cc1ccccc1C=O,s,s
336,338,,251.4,25.0,gg,ionic,C(=O)O,O=CO,g,g
337,339,,19.3,90.0,ls,cationic,O=P1(O)OCCCO1,O=P1(O)OCCCO1,l,s
338,340,,-79.9,,ls,ROP,O=S1(=O)CCCO1,O=S1(=O)CCCO1,l,s
339,341,toluene,-31.4,40.0,ss,ROP,O=S3SC2C1CCC(C1)C2S3,O=S1SC2C3CCC(C3)C2S1,s,s
340,342,tetrahydrofuran,-35.4,,ss,ROMP,OC1CC=CC1,OC1CC=CC1,s,s
341,343,tetrahydrofuran,-75.9,,ss,ROMP,OCC1CC=CC1,OCC1CC=CC1,s,s
342,344,toluene,-54.4,,ss,ROP,S=C1CCCCCO1,S=C1CCCCCO1,s,s
