Solvent,dS (J/mol/K),Temp (ÂºC),BASE_State,BASE_Category,Monomer SMILES,Canonical SMILES
toluene,-79.6,,ss,ROP,C1CCOC(=O)C(CC)(CC)1,CCC1(CC)CCCOC1=O
toluene,-70.2,,ss,ROP,C1CCOC(=O)C(CCC)(CCC)1,CCCC1(CCC)CCCOC1=O
toluene,-53.9,,ss,ROP,C1CCOC(=O)C(CCCC)(CCCC)1,CCCCC1(CCCC)CCCOC1=O
toluene,-46.5,,ss,ROP,C1CCOC(=O)C(CCCCC)(CCCCC)1,CCCCCC1(CCCCC)CCCOC1=O
toluene,-65.6,,ss,ROP,C1CCOC(=O)C(CCCCCC)(CCCCCC)1,CCCCCCC1(CCCCCC)CCCOC1=O
toluene,-30.8,,ss,ROP,C1CCOC(=O)C1,O=C1CCCCO1
,-57,,ls,ROP,CCCCCC1CCCC(=O)O1,CCCCCC1CCCC(=O)O1
dichloromethane+toluene,-41.2,,ss,ROP,CC1CCCC(=O)O1,CC1CCCC(=O)O1
dichloromethane+toluene,-6,,ss,ROP,O=C1CCCCCO1,O=C1CCCCCO1
dichloromethane,-68.5,,ss,ROMP,C1(COCC2=CC=CC=C2)CC=CC1,C1=CCC(COCc2ccccc2)C1
tetrahydrofuran,-59.6,,ss,ROMP,C1(OCC2=CC=CC=C2)CC=CC1,C1=CCC(OCc2ccccc2)C1
tetrahydrofuran,-54.2,,ss,ROMP,C1CC=CC1,C1=CCCC1
tetrahydrofuran,-58.5,,ss,ROMP,C[Si](OC1CC=CC1)(C)C(C)(C)C,CC(C)(C)[Si](C)(C)OC1CC=CC1
tetrahydrofuran,-62.2,,ss,ROMP,O=C(OC)C1CC=CC1,COC(=O)C1CC=CC1
tetrahydrofuran,-56.3,,ss,ROMP,OC(C1CC=CC1)=O,O=C(O)C1CC=CC1
tetrahydrofuran,-81.4,,ss,ROMP,O=C(OCC1=CC=CC=C1)C2CC=CC2,O=C(OCc1ccccc1)C1CC=CC1
tetrahydrofuran,-35.4,,ss,ROMP,OC1CC=CC1,OC1CC=CC1
tetrahydrofuran,-75.9,,ss,ROMP,OCC1CC=CC1,OCC1CC=CC1
dichloromethane,-100.7,,ss,vinyl,CC1=C(C(=CC=C1)C)OC(=O)C(=C)C,C=C(C)C(=O)Oc1c(C)cccc1C
toluene,-29.7,,ls,ROP,CC1CC(C)(C)COC(=O)C1,CC1CC(=O)OCC(C)(C)C1
gamma valerolactone,-78,,ss,cationic,C1COCO1,C1COCO1
dichloromethane,-20.9,,ss,ROMP,CCCCC1(CCCC)OC2CC/C=C\CCC2O1,CCCCC1(CCCC)OC2CC/C=C\CCC2O1
,-45.3,,ls,ROP,O=C1COCCO1,O=C1COCCO1
,0,,ls,ROP,O=C1NCCCO1,O=C1NCCCO1
,-135.98,,gg,aldehyde,C=O,C=O
,-45.3,,ls,ROP,C1COC(=O)CO1,O=C1COCCO1
,-48.9,,ls,aldehyde,CC(=S)C,CC(C)=S
,-86,55,ss,vinyl,O=C1C=CC(=O)N1c2ccccc2,O=C1C=C(c2ccccc2)C(=O)N1
,-21,225,ls ,ROP,CC1CCCCC(=O)N1,CC1CCCCC(=O)N1
,-16,200,ls ,ROP,CC1CCNC(=O)CC1,CC1CCNC(=O)CC1
,-11,260,ls ,ROP,CC1CCCCNC1=O,CC1CCCCNC1=O
,-65,,ls,ROP,O=C2CC1CCCCC1O2,O=C1CC2CCCCC2O1
acetonitrile,-26.8,,ss,ROP,C1C(CC)(COCC=C)COC(=O)O1,C=CCOCC1(CC)COC(=O)OC1
toluene,-46.6,,ss,ROP,C1C(CC)(COCC=C)COC(=O)O1,C=CCOCC1(CC)COC(=O)OC1
,-6.9,,ls,ROP,C1C(CC)(COCC=C)COC(=O)O1,C=CCOCC1(CC)COC(=O)OC1
dichloromethane,-20.92,,ss,ROMP,CCCCC2(CCCC)O[C@H]1CC/C=C\CC[C@@H]1O2,CCCCC1(CCCC)O[C@H]2CC/C=C\CC[C@@H]2O1
dichloromethane,-13.4,,ss,ROMP,C/2=C/CC[C@@H]1CCC[C@H]1CC2,C1=C\CC[C@@H]2CCC[C@H]2CC/1
dichloromethane,-13.8,,ss,ROMP,C/3=C/CC[C@@H]2OC1(CCCCC1)O[C@H]2CC3,C1=C\CC[C@@H]2OC3(CCCCC3)O[C@H]2CC/1
dichloromethane,-12.1,,ss,ROMP,C/2=C/CC[C@@H]1OCO[C@H]1CC2,C1=C\CC[C@@H]2OCO[C@H]2CC/1
,-13.8,,ss,ROMP,C12CC/C=C\CCC1OC3(CCCCC3)O2,C1=C\CCC2OC3(CCCCC3)OC2CC/1
dichloromethane,-14.2,,ss,ROMP,C/2=C/CC[C@@H]1CC[C@H]1CC2,C1=C\CC[C@@H]2CC[C@H]2CC/1
toluene,-53.9,,ss,ROP,C1CCC(=O)OCC1,O=C1CCCCCO1
toluene,-54.4,,ss,ROP,S=C1CCCCCO1,S=C1CCCCCO1
,251.4,25,gg,aldehyde,C(=O)O,O=CO
,293.3,,gg,aldehyde,CC(=O)O,CC(=O)O
,-74,,ls,cationic,C1CCOC1,C1CCOC1
dichloromethane+chloroform,-40.4,,ss,ROP,CC(C)(C)OC(=O)N1CC2CC1C(=O)S2,CC(C)(C)OC(=O)N1CC2CC1C(=O)S2
methanol,-41,,ss,ROP,COC(=O)C1CCC(=O)OC1,COC(=O)C1CCC(=O)OC1
toluene,-44.6,,ss,ROP,C1CCOC(=O)C(C)(C)1,CC1(C)CCCOC1=O
toluene,-79.9,,ss,ROMP,C1C=CCC1C2=CC=CC=C2,C1=CCC(c2ccccc2)C1
toluene,-72,,ss,ROP,O=C1OCC2CCCCC12,O=C1OCC2CCCCC12
dioxane,-25,,ss,ROP,C[C@H]1C(=O)O[C@H](C(=O)O1)C,C[C@@H]1OC(=O)[C@H](C)OC1=O
toluene,-43.8,27,ss,ROP,C[C@H]1C(=O)O[C@H](C(=O)O1)C,C[C@@H]1OC(=O)[C@H](C)OC1=O
,-40.7,27,ls,ROP,C[C@H]1C(=O)O[C@H](C(=O)O1)C,C[C@@H]1OC(=O)[C@H](C)OC1=O
toluene,-27.4,,ss,cationic,C[C@@H]1CC[C@H](C(=O)C1)C(C)C,CC(C)[C@@H]1CC[C@@H](C)CC1=O
,-45,,ls,ROP,C1C(C)COC(=O)C1,CC1CCC(=O)OC1
dichloromethane+toluene,-41.2,,ss,ROP,CC1CCCC(=O)O1,CC1CCCC(=O)O1
,-62,,ls,ROP,CC1CCCC(=O)O1,CC1CCCC(=O)O1
,-34,,ls,ROP,C1CCOC(=O)C(C)1,CC1CCCOC1=O
toluene,-42,,ss,ROP,C1COC(=O)C(C)O1,CC1OCCOC1=O
,-55,,ls,ROP,CCC1CCCC(=O)O1,CCC1CCCC(=O)O1
,-60,,ls,ROP,CCCC1CCCC(=O)O1,CCCC1CCCC(=O)O1
,-55,,ls,ROP,CCCCC1CCCC(=O)O1,CCCCC1CCCC(=O)O1
,-57,,ls,ROP,CCCCCC1CCCC(=O)O1,CCCCCC1CCCC(=O)O1
,-54,,ls,ROP,CCCCCC1CCCC(=O)O1,CCCCCC1CCCC(=O)O1
,-58,,ls,ROP,CCCCCCC1CCCC(=O)O1,CCCCCCC1CCCC(=O)O1
,-59,,ls,ROP,CCCCCCCC1CCCC(=O)O1,CCCCCCCC1CCCC(=O)O1
,-55,,ls,ROP,CCCCCCCCCC1CCCC(=O)O1,CCCCCCCCCC1CCCC(=O)O1
dichloromethane+toluene,-6,,ss,ROP,C1CCC(=O)OCC1,O=C1CCCCCO1
dichloromethane+toluene,-14.7,,ss,ROP,C1CCOC(=O)C1,O=C1CCCCO1
dichloromethane,-40,,ls,ROP,C1CC(=O)OC1,O=C1CCCO1
,-75,,ls,ROP,C1COC1=O,O=C1CCO1
,-64.8,,ss,ROP,CC2(C)Oc1ccccc1COC2=O,CC1(C)Oc2ccccc2COC1=O
,-39.2,,ls,ROP,C1COC(=O)C(C)O1,CC1OCCOC1=O
,-27.4,,ls,ROP,CC(C)C1CC(=O)OC(C)C1,CC1CC(C(C)C)CC(=O)O1
toluene,-27.4,,ss,ROP,CC1CCC(C(C)C)OC(=O)C1,CC1CCC(C(C)C)OC(=O)C1
,-170.2888,25,gg,,C=C(F)F,C=C(F)F
,-107.9472,27,ls,vinyl,C=CC1=CC=CC=C1,C=Cc1ccccc1
,-116.5244,77,ls,vinyl,C=CC1=CC=CC=C1,C=Cc1ccccc1
,-116.7336,25,ls,vinyl,C=CC1=CC=CC=C1,C=Cc1ccccc1
,-148.532,25,gg,vinyl,C=CC1=CC=CC=C1,C=Cc1ccccc1
,-109.6208,25,ls,vinyl,CC(=O)OC=C,C=COC(C)=O
dimethylformamide+dimethylsulfoxide,-31,,ss,misc,O=[N+](C1=CC(CC(OC)CCCS2)=C2C=C1)[O-],COC1CCCSc2ccc([N+](=O)[O-])cc2C1
,-67,25,ls,cationic,C1COCO1,C1COCO1
toluene,-58.3,,ss,ROMP,O=C1C2CC(O1)C=CC2,O=C1OC2C=CCC1C2
toluene,-88.7,,ss,ROP,O=C1C2CC(O1)C=CC2,O=C1OC2C=CCC1C2
toluene,-58.3,,ss,ROMP,O=C1OC2C=CCC1C2,O=C1OC2C=CCC1C2
toluene,-88.7,,ss,ROP,O=C1OC2C=CCC1C2,O=C1OC2C=CCC1C2
toluene,-39.6,,ss,ROP,C1CC(=O)OC1,O=C1CCCO1
dichloromethane+toluene,-14.7,,ss,ROP,O=C1CCCCO1,O=C1CCCCO1
dichloromethane,-38.9,,ss,aldehyde,CCCC=O,CCCC=O
dichloromethane,-79.6,,ss,aldehyde,C1=CC=C(C(=C1)C=O)C=O,O=Cc1ccccc1C=O
,-52,,ls,ROP,O1C(C)OC(=O)CC1,CC1OCCC(=O)O1
dimethyl sulfoxide,-71.5,,ss,ROP,O=C1N[C@H]2CCC[C@@H]1O2,O=C1N[C@H]2CCC[C@@H]1O2
toluene,-18,,ss,cyclic,CN1[Si](C)(C)O[Si](C)(C)O[Si]1(C)C,CN1[Si](C)(C)O[Si](C)(C)O[Si]1(C)C
dichloromethane,-188.3,,gg,aldehyde,CC(=O)C,CC(C)=O
toluene,103,,ss,vinyl,CC(C)C1CCC(C)CC1OC(C(NC(C)=O)=C)=O,C=C(NC(C)=O)C(=O)OC1CC(C)CCC1C(C)C
dichloromethane,-12.1336,,ss,misc,O=CC1=CC(C#CCCCC)=C(C#CCCCC)C=C1C=O,CCCCC#Cc1cc(C=O)c(C=O)cc1C#CCCCC
tetrachloroethane,-80.7512,,ss,misc,O=C(N1CCCCCCCC)C2=CC(C=O)=C(C=O)C=C2C1=O,CCCCCCCCN1C(=O)c2cc(C=O)c(C=O)cc2C1=O
chloroform-D,-62.3416,,ss,misc,O=CC1=CC(C(OC)=O)=C(C(OC)=O)C=C1C=O,COC(=O)c1cc(C=O)c(C=O)cc1C(=O)OC
tetrachloroethane,-84.1,,ss,misc,FC1=C(F)C(F)=C(F)C(C=O)=C1C=O,O=Cc1c(F)c(F)c(F)c(F)c1C=O
dichloromethane,-49.8,,ss,misc,O=CC1=CC=CC=C1C=O,O=Cc1ccccc1C=O
pyridine,-28.1,,ss,ROP,C=CCOCCOCCOCCOC(=O)NC1C(=O)SC1(C)C,C=CCOCCOCCOCCOC(=O)NC1C(=O)SC1(C)C
,-55.7,,ls,ROP,O=C1S[C@@H]2CC[C@H]1C2,O=C1S[C@@H]2CC[C@H]1C2
toluene,-55.8,,ss,ROP,O=C1[C@H]2C[C@@H](O1)CCC2,O=C1O[C@H]2CCC[C@@H]1C2
toluene,-55.8,,ss,ROP,O=C1OC2CCCC1C2,O=C1OC2CCCC1C2
toluene,-49.95,,ss,ROMP,C[Si](C)(OC1C=CCC1)C,C[Si](C)(C)OC1C=CCC1
toluene,-30,,ss,ROMP,C[Si](C(C)(C)C)(OC1C=CCC1)C,CC(C)(C)[Si](C)(C)OC1C=CCC1
toluene,-80,,ss,ROMP,CC[Si](CC)(OC1C=CCC1)CC,CC[Si](CC)(CC)OC1C=CCC1
chlorobenzene,-34,,ss,ROP,C[C@H]1C(=O)O[C@H](C(=O)O1)C,C[C@@H]1OC(=O)[C@H](C)OC1=O
dimethyl sulfoxide,-22,,ss,ROP,C[C@H]1C(=O)O[C@H](C(=O)O1)C,C[C@@H]1OC(=O)[C@H](C)OC1=O
dimethylformamide,-43,,ss,ROP,C[C@H]1C(=O)O[C@H](C(=O)O1)C,C[C@@H]1OC(=O)[C@H](C)OC1=O
dioxane,-25,,ss,ROP,C[C@H]1C(=O)O[C@H](C(=O)O1)C,C[C@@H]1OC(=O)[C@H](C)OC1=O
gamma valerolactone,-46,,ss,ROP,C[C@H]1C(=O)O[C@H](C(=O)O1)C,C[C@@H]1OC(=O)[C@H](C)OC1=O
chloroform-D,-26.2,,ss,ROP,O=C1SCCCC1C,CC1CCCSC1=O
,-39.9,,ls,ROP,CC1SCCSC1=O,CC1SCCSC1=O
tetrahydrofuran,-23.7,,ss,ROP,O=C1CCCCS1,O=C1CCCCS1
,-30.8,,ls,ROP,O=C1CSCCS1,O=C1CSCCS1
toluene,-23.9,,ss,ROP,CC1SC(=O)C(C)SC1=O,CC1SC(=O)C(C)SC1=O
xylene,-15.0624,,ss,ROMP,COC(=O)C2[C@H]1CC/C=C\CC[C@@H]1C2C(=O)OC,COC(=O)C1C(C(=O)OC)[C@H]2CC/C=C\CC[C@H]12
xylene,-20.5,,ss,ROMP,O=C3[C@@H]2[C@H]1CC/C=C\CC[C@@H]1[C@@H]2C(=O)N3c4ccccc4,O=C1[C@@H]2[C@H]3CC/C=C\CC[C@@H]3[C@@H]2C(=O)N1c1ccccc1
toluene,-33.5,,ss,ROP,O=C1OCCCCCC1,O=C1CCCCCCO1
dioxane,-41,105,ss,ROP,C[C@H]1C(=O)O[C@H](C(=O)O1)C,C[C@@H]1OC(=O)[C@H](C)OC1=O
nitrobenzene,-25,40,ss,ROP,C[C@H]1C(=O)O[C@H](C(=O)O1)C,C[C@@H]1OC(=O)[C@H](C)OC1=O
dichloromethane,6,100,ss,cationic,C[Si](C)(C)OP1(=O)OCCCO1,C[Si](C)(C)OP1(=O)OCCCO1
,-18.1,25,ls,cationic,C[Si]1(C)C[Si](C)(C)C1,C[Si]1(C)C[Si](C)(C)C1
,-71.2,25,ls,cationic,C[Si]1(CCC1)C,C[Si]1(C)CCC1
,-85.4,25,ls,cationic,C[Si]1(CCC1)C,C[Si]1(C)CCC1
,190,77,ls,cationic,C[Si]1(O[Si](O[Si](O[Si](O1)(C)C)(C)C)(C)C)C,C[Si]1(C)O[Si](C)(C)O[Si](C)(C)O[Si](C)(C)O1
,194.4,25,ls,cationic,C[Si]1(O[Si](O[Si](O[Si](O1)(C)C)(C)C)(C)C)C,C[Si]1(C)O[Si](C)(C)O[Si](C)(C)O[Si](C)(C)O1
,-20.9,,ls,cationic,C[Si]1(O[Si](O[Si](O[Si](O1)(C)C)(C)C)(C)C)C,C[Si]1(C)O[Si](C)(C)O[Si](C)(C)O[Si](C)(C)O1
,-3.03,77,ls,cationic,C[Si]1(O[Si](O[Si](O1)(C)C)(C)C)C,C[Si]1(C)O[Si](C)(C)O[Si](C)(C)O1
,51,25,ls,cationic,C[Si]1(O[Si](O[Si](O1)(C)C)(C)C)C,C[Si]1(C)O[Si](C)(C)O[Si](C)(C)O1
,-57.4,25,ls,cationic,C[Si]1(CCC1)C2=CC=CC=C2,C[Si]1(c2ccccc2)CCC1
,-48,-73,ls,ROMP,C[Si](C)(C)C1CC2C=CC1C2,C[Si](C)(C)C1CC2C=CC1C2
,-13,-173,ls,ROMP,C[Si](C)(C)C1CC2C=CC1C2,C[Si](C)(C)C1CC2C=CC1C2
,-14,-73,ls,ROMP,C[Si](C)(C)C1CC2C=CC1C2,C[Si](C)(C)C1CC2C=CC1C2
,-4,-173,ls,ROMP,C[Si](C)(C)C1CC2C=CC1C2,C[Si](C)(C)C1CC2C=CC1C2
,-70,25,ls,ROMP,C[Si](C)(C)C1CC2C=CC1C2,C[Si](C)(C)C1CC2C=CC1C2
,-81,107,ls,ROMP,C[Si](C)(C)C1CC2C=CC1C2,C[Si](C)(C)C1CC2C=CC1C2
,-10,-173,ls,vinyl,C/C=C/C,C/C=C/C
,-17,-173,ls,vinyl,C/C=C/C,C/C=C/C
,-194,25,gg,vinyl,C/C=C/C,C/C=C/C
,-170,227,gg,vinyl,C/C=C/C,C/C=C/C
,-193,127,gg,vinyl,C/C=C/C,C/C=C/C
,-195,25,gg,vinyl,C/C=C/C,C/C=C/C
,-175,127,gg,vinyl,C/C=C/C,C/C=C/C
,-93,-73,ls,vinyl,C/C=C/C,C/C=C/C
,-100,-73,ls,vinyl,C/C=C/C,C/C=C/C
,-159,25,gg,vinyl,C/C=C/C,C/C=C/C
,-100,25,ls,vinyl,C/C=C/C,C/C=C/C
,-194,227,gg,vinyl,C/C=C/C(C)C,C/C=C/C(C)C
,-202,127,gg,vinyl,C/C=C/C(C)C,C/C=C/C(C)C
,-216,127,gg,vinyl,C/C=C/C(C)C,C/C=C/C(C)C
,-214,227,gg,vinyl,C/C=C/C(C)C,C/C=C/C(C)C
,-182,327,gg,vinyl,C/C=C/C(C)C,C/C=C/C(C)C
,-130,25,ls,vinyl,C/C=C/C(C)C,C/C=C/C(C)C
,-130,25,ls,vinyl,C/C=C/C(C)C,C/C=C/C(C)C
,-14,-173,ls,vinyl,CC/C=C/C,C/C=C/CC
,-18,-173,ls,vinyl,CC/C=C/C,C/C=C/CC
,-194,127,gg,vinyl,CC/C=C/C,C/C=C/CC
,-186,227,gg,vinyl,CC/C=C/C,C/C=C/CC
,-102,-73,ls,vinyl,CC/C=C/C,C/C=C/CC
,-118,25,ls,vinyl,CC/C=C/C,C/C=C/CC
,-111,-73,ls,vinyl,CC/C=C/C,C/C=C/CC
,-127,25,ls,vinyl,CC/C=C/C,C/C=C/CC
,-14,-173,ls,vinyl,C/C=C\C,C/C=C\C
,-21,-173,ls,vinyl,C/C=C\C,C/C=C\C
,-190,25,gg,vinyl,C/C=C\C,C/C=C\C
,-179,127,gg,vinyl,C/C=C\C,C/C=C\C
,-201,25,gg,vinyl,C/C=C\C,C/C=C\C
,-196,127,gg,vinyl,C/C=C\C,C/C=C\C
,-172,227,gg,vinyl,C/C=C\C,C/C=C\C
,-106,-73,ls,vinyl,C/C=C\C,C/C=C\C
,-99,-73,ls,vinyl,C/C=C\C,C/C=C\C
,-163,25,gg,vinyl,C/C=C\C,C/C=C\C
,-104,25,ls,vinyl,C/C=C\C,C/C=C\C
,-183,327,gg,vinyl,C/C=C\C(C)C,C/C=C\C(C)C
,-215,227,gg,vinyl,C/C=C\C(C)C,C/C=C\C(C)C
,-215,227,gg,vinyl,C/C=C\C(C)C,C/C=C\C(C)C
,-205,127,gg,vinyl,C/C=C\C(C)C,C/C=C\C(C)C
,-220,127,gg,vinyl,C/C=C\C(C)C,C/C=C\C(C)C
,-134,25,ls,vinyl,C/C=C\C(C)C,C/C=C\C(C)C
,-134,25,ls,vinyl,C/C=C\C(C)C,C/C=C\C(C)C
,-16,-173,ls,vinyl,CC/C=C\C,C/C=C\CC
,-20,173,ls,vinyl,CC/C=C\C,C/C=C\CC
,-185,227,gg,vinyl,CC/C=C\C,C/C=C\CC
,-195,127,gg,vinyl,CC/C=C\C,C/C=C\CC
,-111,-73,ls,vinyl,CC/C=C\C,C/C=C\CC
,-120,25,ls,vinyl,CC/C=C\C,C/C=C\CC
,-114,-73,ls,vinyl,CC/C=C\C,C/C=C\CC
,-129,25,ls,vinyl,CC/C=C\C,C/C=C\CC
,-66,-173,ls,vinyl,C=C,C=C
,-59,-173,ls,vinyl,C=C,C=C
,-311,227,gg,vinyl,C=C,C=C
,-336,25,gg,vinyl,C=C,C=C
,-334,127,gg,vinyl,C=C,C=C
,-172,25,gg,vinyl,C=C,C=C
,-174,25,gg,Vinyl,C=C,C=C
,-338,-73,gg,vinyl,C=C,C=C
,-317,127,gg,vinyl,C=C,C=C
,-325,25,gg,vinyl,C=C,C=C
,-331,-73,gg,vinyl,C=C,C=C
,142,25,gg,vinyl,C=C,C=C
,155,25,gg,vinyl,C=C,C=C
,158,25,gg,vinyl,C=C,C=C
,-75,173,ls,vinyl,CCC=C,C=CCC
,-69,-173,ls,vinyl,CCC=C,C=CCC
,-114,-73,ls,vinyl,CCC=C,C=CCC
,-107,-73,ls,vinyl,CCC=C,C=CCC
,-166,25,gg,vinyl,CCC=C,C=CCC
,-213,25,gg,vinyl,CCC=C,C=CCC
,-193,25,gg,vinyl,CCC=C,C=CCC
,-113,25,ls,vinyl,CCC=C,C=CCC
,-112,25,ls,vinyl,CCC=C,C=CCC
,-141,25,ls,vinyl,CCC=C,C=CCC
,-204,127,gg,vinyl,CCC=C,C=CCC
,-187,127,gg,vinyl,CCC=C,C=CCC
,-182,227,gg,vinyl,CCC=C,C=CCC
,-146,80,ss,vinyl,CC(=C)C(=O)O,C=C(C)C(=O)O
"1,2-Dichlorobenzene",-130,127,ss,vinyl,CC(=C)C(=O)OC,C=C(C)C(=O)OC
,-24.1,-73,ls,vinyl,CC(=C)C(=O)OC,C=C(C)C(=O)OC
,-9,-173,ls,vinyl,CC(=C)C(=O)OC,C=C(C)C(=O)OC
,-26,-73,ls,vinyl,CC(=C)C(=O)OC,C=C(C)C(=O)OC
,-10,-173,ls,vinyl,CC(=C)C(=O)OC,C=C(C)C(=O)OC
,-117,127,ls,vinyl,CC(=C)C(=O)OC,C=C(C)C(=O)OC
,-40,-63,ls,vinyl,CC(=C)C(=O)OC,C=C(C)C(=O)OC
,-105,25,ls,vinyl,CC(=C)C(=O)OC,C=C(C)C(=O)OC
,-115,77,ls,vinyl,CC(=C)C(=O)OC,C=C(C)C(=O)OC
,-110,25,ls,vinyl,CC(=C)C(=O)OC,C=C(C)C(=O)OC
,-118,77,ls,vinyl,CC(=C)C(=O)OC,C=C(C)C(=O)OC
,2,-173,ls,vinyl,CC(=C)C(=O)OC1=CC=CC=C1C(=O)O,C=C(C)C(=O)Oc1ccccc1C(=O)O
,-5,-73,ls,vinyl,CC(=C)C(=O)OC1=CC=CC=C1C(=O)O,C=C(C)C(=O)Oc1ccccc1C(=O)O
,-8,25,ls,vinyl,CC(=C)C(=O)OC1=CC=CC=C1C(=O)O,C=C(C)C(=O)Oc1ccccc1C(=O)O
,-85,227,ls,vinyl,CC(=C)C(=O)OC1=CC=CC=C1C(=O)O,C=C(C)C(=O)Oc1ccccc1C(=O)O
,-126,120,ls,vinyl,CCOC(=O)C(=C)C,C=C(C)C(=O)OCC
benzonitrile,-151,127,ss,vinyl,CC(=C)C#N,C=C(C)C#N
tetrahydrofuran,-122,-5,ss,vinyl,CC(=C)C1=CC2=CC=CC=C2C=C1,C=C(C)c1ccc2ccccc2c1
toluene,-125,10,ss,vinyl,CC(=C)C1=CC2=CC=CC=C2C=C1,C=C(C)c1ccc2ccccc2c1
cyclohexane,-163.3,22,ss,vinyl,CC(=C)C1=CC=CC=C1,C=C(C)c1ccccc1
n-heptane,-51,-10,ss,vinyl,CC(=C)C1=CC=CC=C1,C=C(C)c1ccccc1
tetrahydrofuran,-130,-20,ss,vinyl,CC(=C)C1=CC=CC=C1,C=C(C)c1ccccc1
toluene,-47,-10,ss,vinyl,CC(=C)C1=CC=CC=C1,C=C(C)c1ccccc1
,-110,20,ls,vinyl,CC(=C)C1=CC=CC=C1,C=C(C)c1ccccc1
tetrahydrofuran,-70,20,ss,vinyl,CC(=C)C1=CC=CC=N1,C=C(C)c1ccccn1
tetrahydrofuran,-96,20,ss,vinyl,C=C(C)c1ncco1,C=C(C)c1ncco1
tetrahydrofuran,-69,20,ss,vinyl,CC(=C)C1=NC=CS1,C=C(C)c1nccs1
,-105,87,ls,vinyl,C=C(CC)C(OC)=O,C=C(CC)C(=O)OC
,-25,-173,ls,vinyl,C=C(Cl)Cl,C=C(Cl)Cl
,-31,-173,ls,vinyl,C=C(Cl)Cl,C=C(Cl)Cl
,-198,127,gg,vinyl,C=C(Cl)Cl,C=C(Cl)Cl
,-201,25,gg,vinyl,C=C(Cl)Cl,C=C(Cl)Cl
,-191,127,gg,vinyl,C=C(Cl)Cl,C=C(Cl)Cl
,-195,25,gg,vinyl,C=C(Cl)Cl,C=C(Cl)Cl
,-97,-73,ls,vinyl,C=C(Cl)Cl,C=C(Cl)Cl
,-106,25,ls,vinyl,C=C(Cl)Cl,C=C(Cl)Cl
,-91,-73,ls,vinyl,C=C(Cl)Cl,C=C(Cl)Cl
,-112,25,ls,vinyl,C=C(Cl)Cl,C=C(Cl)Cl
,-109.5,25,ls,vinyl,C[Si](C)(C)(C=C),C=C[Si](C)(C)C
,-127.5,25,ls,vinyl,C[Si](C)(C=C)C1=CC=CC=C1,C=C[Si](C)(C)c1ccccc1
,-107.3,77,ls,vinyl,C[Si](C)(CC1=CC=CC=C1)C=C,C=C[Si](C)(C)Cc1ccccc1
,-83.5,25,ls,vinyl,C[Si](C)(CC1=CC=CC=C1)C=C,C=C[Si](C)(C)Cc1ccccc1
,-0.7,-73,ls,vinyl,C[Si](C)(CC1=CC=CC=C1)C=C,C=C[Si](C)(C)Cc1ccccc1
dimethylformamide,-108.8,83,ss,vinyl,C=C1CCCOC1=O,C=C1CCCOC1=O
,-191,25,gg,vinyl,CC=C,C=CC
,-136,25,ls,vinyl,CC=C,C=CC
,-116,25,ls,vinyl,CC=C,C=CC
,-116,25,ls,vinyl,CC=C,C=CC
,-205,25,gg,vinyl,CC=C,C=CC
,-167,25,gg,vinyl,CC=C,C=CC
,-113,25,ls,vinyl,CC=C,C=CC
,-101,25,ls,misc,CC(=C)C=C,C=CC(=C)C
,-107,177,ls,vinyl,CCOC(=O)C=C,C=CC(=O)OCC
,-104,127,ls,vinyl,CCOC(=O)C=C,C=CC(=O)OCC
,-88,25,ls,vinyl,CCOC(=O)C=C,C=CC(=O)OCC
,-3,-173,ls,vinyl,CCOC(=O)C=C,C=CC(=O)OCC
,-155,127,ls,vinyl,CCCCCCCCCCOC(=O)C=C,CCCCCCCCCCOC(=O)C=C
,-141,25,ls,vinyl,CCCCCCCCCCOC(=O)C=C,CCCCCCCCCCOC(=O)C=C
,-8,-73,ls,vinyl,CCCCCCCCCCOC(=O)C=C,CCCCCCCCCCOC(=O)C=C
,-4,173,ls,vinyl,CCCCCCCCCCOC(=O)C=C,CCCCCCCCCCOC(=O)C=C
,-60,57,ls,vinyl,C=CCOCCOC(=O)C=C,C=CCOCCOC(=O)C=C
,-56,25,ls,vinyl,C=CCOCCOC(=O)C=C,C=CCOCCOC(=O)C=C
,-29,-73,ls,vinyl,C=CCOCCOC(=O)C=C,C=CCOCCOC(=O)C=C
,-16,-173,ls,vinyl,C=CCOCCOC(=O)C=C,C=CCOCCOC(=O)C=C
,-96,127,ls,vinyl,C=CCOC(=O)C=C,C=CCOC(=O)C=C
,-85,25,ls,vinyl,C=CCOC(=O)C=C,C=CCOC(=O)C=C
,-97,-8,ls,vinyl,C=CCOC(=O)C=C,C=CCOC(=O)C=C
,-24,-8,ls,vinyl,C=CCOC(=O)C=C,C=CCOC(=O)C=C
,6,-173,ls,vinyl,C=CCOC(=O)C=C,C=CCOC(=O)C=C
,-109,25,ls,vinyl,C=CC#N,C=CC#N
,-84,25,ls,misc,C=CC=C,C=CC=C
,-89,25,ls,misc,C=CC=C,C=CC=C
,-106.6,,ss,vinyl,CC(C)(C)C1=CC=C(C=C1)C=C,C=Cc1ccc(C(C)(C)C)cc1
,-149,25,gg,vinyl,C=CC1=CC=CC=C1,C=Cc1ccccc1
,-90,-23,ls,vinyl,C=CC1=CC=CC=C1,C=Cc1ccccc1
,-116,127,ls,vinyl,C=CC1=CC=CC=C1,C=Cc1ccccc1
,-104,25,ls,vinyl,C=CC1=CC=CC=C1,C=Cc1ccccc1
,-104,127,ls,vinyl,C=CC1=CC=CC=C1,C=Cc1ccccc1
,-105,25,ls,vinyl,C=CC1=CC=CC=C1,C=Cc1ccccc1
,-112,25,ls,vinyl,C=CC1=CC=CC=C1,C=Cc1ccccc1
,-111,25,ls,vinyl,C=CC1=CC=CC=C1,C=Cc1ccccc1
,-28,-173,ls,vinyl,C=CC1CCCCC1,C=CC1CCCCC1
,-3,173,ls,vinyl,C=CC1CCCCC1,C=CC1CCCCC1
,-95,-73,ls,vinyl,C=CC1CCCCC1,C=CC1CCCCC1
,-75,-73,ls,vinyl,C=CC1CCCCC1,C=CC1CCCCC1
,-120,25,ls,vinyl,C=CC1CCCCC1,C=CC1CCCCC1
,-85,25,ls,vinyl,C=CC1CCCCC1,C=CC1CCCCC1
,-136,127,ls,vinyl,C=CC1CCCCC1,C=CC1CCCCC1
,-102,127,ls,vinyl,C=CC1CCCCC1,C=CC1CCCCC1
,-28,-173,ls,vinyl,CC(C)CC=C,C=CCC(C)C
,-28,-173,ls,vinyl,CC(C)CC=C,C=CCC(C)C
,-214,127,gg,vinyl,CC(C)CC=C,C=CCC(C)C
,-188,227,gg,vinyl,CC(C)CC=C,C=CCC(C)C
,-209,227,gg,vinyl,CC(C)CC=C,C=CCC(C)C
,-176,327,gg,vinyl,CC(C)CC=C,C=CCC(C)C
,-216,25,gg,vinyl,CC(C)CC=C,C=CCC(C)C
,-200,127,gg,vinyl,CC(C)CC=C,C=CCC(C)C
,-111,-73,ls,vinyl,CC(C)CC=C,C=CCC(C)C
,-131,25,ls,vinyl,CC(C)CC=C,C=CCC(C)C
,-111,-73,ls,vinyl,CC(C)CC=C,C=CCC(C)C
,-131,25,ls,vinyl,CC(C)CC=C,C=CCC(C)C
,-20,-173,ls,vinyl,CCCC=C,C=CCCC
,-24,-173,ls,vinyl,CCCC=C,C=CCCC
,-190,227,gg,vinyl,CCCC=C,C=CCCC
,-198,127,gg,vinyl,CCCC=C,C=CCCC
,-117,-73,ls,vinyl,CCCC=C,C=CCCC
,-133,25,ls,vinyl,CCCC=C,C=CCCC
,-124,25,ls,vinyl,CCCC=C,C=CCCC
,-113,-73,ls,vinyl,CCCC=C,C=CCCC
,-113,25,ls,vinyl,CCCCC=C,C=CCCCC
,-168,25,gg,vinyl,CCCCCC=C,C=CCCCCC
,-124,25,gg,aldehyde,C=O,C=O
,-169,25,gg,aldehyde,C=O,C=O
,-174,25,gg,aldehyde,C=O,C=O
toluene,-29.3,50,ss,ROMP,C1(SSS2)C2C3C(CC=C4)C4C1C3,C1=CC2C(C1)C1CC2C2SSSC12
,-50,-73,ls,ROMP,C1CC2CC1C=C2,C1=CC2CCC1C2
,-5,173,ls,ROMP,C1CC2CC1C=C2,C1=CC2CCC1C2
,-50,25,ls,ROMP,C1CC2CC1C=C2,C1=CC2CCC1C2
,-58,57,ls,ROMP,C1CC2CC1C=C2,C1=CC2CCC1C2
toluene,-98,60,ss,vinyl,C1=CC2=C3C(=C1)C=CC3=CC=C2,C1=Cc2cccc3cccc1c23
,-131,25,gg,ROMP,C1CC=C1,C1=CCC1
,-52,25,ls,ROMP,C1CC=C1,C1=CCC1
,-17,-173,ls,ROMP,C1CC=CC1,C1=CCCC1
,-52,25,ls,ROMP,C1CC=CC1,C1=CCCC1
,-54,-73,ls,ROMP,C1CC=CC1,C1=CCCC1
,-41.2,25,ls,ROMP,C1CC=CC1,C1=CCCC1
,-18,-173,ls,ROMP,C1CC=CC1,C1=CCCC1
,-51,77,ls,ROMP,C1CC=CC1,C1=CCCC1
,-52,25,ls,ROMP,C1CC=CC1,C1=CCCC1
,-56,-13,ls,ROMP,C1CC=CC1,C1=CCCC1
toluene,-17,-65,ss,ROMP,C1CCC=CC1,C1=CCCCC1
,7,-173,ls,ROMP,C1CCC=CCC1,C1=CCCCCC1
,-6,-113,ls,ROMP,C1CCC=CCC1,C1=CCCCCC1
,-37,-13,ls,ROMP,C1CCC=CCC1,C1=CCCCCC1
,-56,-73,ls,ROMP,C1CCC=CCC1,C1=CCCCCC1
,-37,25,ls,ROMP,C1CCC=CCC1,C1=CCCCCC1
,-70,25,ls,ROMP,C1CCC=CCC1,C1=CCCCCC1
,-36,51,ls,ROMP,C1CCC=CCC1,C1=CCCCCC1
,-10,-173,ls,ROMP,C1CCCC=CCC1,C1=CCCCCCC1
,25,-173,ls,ROMP,C1CCCC=CCC1,C1=CCCCCCC1
,-49,-13,ls,ROMP,C1CCCC=CCC1,C1=CCCCCCC1
,-8,-73,ls,ROMP,C1CCCC=CCC1,C1=CCCCCCC1
,-63,25,ls,ROMP,C1CCCC=CCC1,C1=CCCCCCC1
,-9,25,ls,ROMP,C1CCCC=CCC1,C1=CCCCCCC1
,-9,57,ls,ROMP,C1CCCC=CCC1,C1=CCCCCCC1
,-69,25,ls,cyclic,C1CC1,C1CC1
,-55,25,ls,cyclic,C1CCC1,C1CCC1
,-43,25,ls,cationic,C1CCCC1,C1CCCC1
,-11,25,ls,cyclic,C1CCCCC1,C1CCCCC1
,-16,25,ls,cyclic,C1CCCCCC1,C1CCCCCC1
,-3,25,ls,cationic,C1CCCCCCC1,C1CCCCCCC1
,12.4,25,ls,cationic,C1CCCOCC1,C1CCCOCC1
,-91.8,25,gg,cationic,C1CCCOCC1,C1CCCOCC1
diethyl ether,-87,40,ss,cationic,C1CCOC1,C1CCOC1
,-41,50,ls,cationic,C1CCOC1,C1CCOC1
,-16,25,ls,cationic,C1CCOC1,C1CCOC1
,-143,50,gg,cationic,C1CCOC1,C1CCOC1
,-177,25,gg,cationic,C1CCOC1,C1CCOC1
,-139,25,gg,cationic,C1CCOC1,C1CCOC1
,-112,25,gg,cationic,C1CCOC1,C1CCOC1
,-67,40,ls,cationic,C1CCOC1,C1CCOC1
,-81.9,25,ls,cationic,C1CCOC1,C1CCOC1
,-100,25,ls,cationic,C1CCOC1,C1CCOC1
,-49,30,ls,cationic,C1CCOC1,C1CCOC1
,-62,25,ls,cationic,C1CCOC1,C1CCOC1
,-47.6,25,ls,cationic,C1CCOC1,C1CCOC1
benzene,-39,60,ss,cationic,C1CCOCOC1,C1CCOCOC1
"1,2-dichloroethane",-43,0,ss,cationic,C1CCOCOC1,C1CCOCOC1
dichloromethane,-48,-30,ss,cationic,C1CCOCOC1,C1CCOCOC1
,-77,25,ls,cationic,C1CCOCOC1,C1CCOCOC1
,-39,25,ls,cationic,C1CCOCOC1,C1CCOCOC1
toluene,-26,75,ss,cationic,C1CCOCOC1,C1CCOCOC1
,-25.1,25,ls,cationic,C1CCOCOC1,C1CCOCOC1
,-181,25,gg,cationic,C1CCOCOC1,C1CCOCOC1
,-144,25,gg,cationic,C1CCOCOC1,C1CCOCOC1
,-131.4,25,gg,cationic,C1CCOCOC1,C1CCOCOC1
,-10.2,25,ls,cationic,C1CCOCOCC1,C1CCOCOCC1
,-121.7,25,gg,cationic,C1CCOCOCC1,C1CCOCOCC1
,-51.9,27,ls,cationic,C1CN1,C1CN1
,-174,25,gg,cationic,C1CO1,C1CO1
,-68.4,25,ls,cationic,C1COC1,C1COC1
,-162.7,25,gg,cationic,C1COC1,C1COC1
benzene,-59,30,ss,cationic,C1COCO1,C1COCO1
chlorometbane,-94,20,ss,cationic,C1COCO1,C1COCO1
dichloromethane,-78,0,ss,cationic,C1COCO1,C1COCO1
toluene,-22,75,ss,cationic,C1COCO1,C1COCO1
,-76,100,ls,cationic,C1COCO1,C1COCO1
,-63,40,ls,cationic,C1COCO1,C1COCO1
,-37,25,ls,cationic,C1COCO1,C1COCO1
,-147,57,gg,cationic,C1COCO1,C1COCO1
,-100,25,ls,cationic,C1COCO1,C1COCO1
,-139,25,gg,cationic,C1COCO1,C1COCO1
,-205,25,gg,cationic,C1COCO1,C1COCO1
,-167,25,gg,cationic,C1COCO1,C1COCO1
,-18,90,ls,cationic,C1COCO1,C1COCO1
,-23,20,ls,cationic,C1COCOC1,C1COCOC1
benzene,-39,60,ss,cationic,C1COCOCCO1,C1COCOCCO1
toluene,-13,20,ss,cationic,C1COCOCCO1,C1COCOCCO1
,-8,25,ls,cationic,C1COCOCCO1,C1COCOCCO1
,-129.1,25,gg,cationic,C1COCOCCO1,C1COCOCCO1
,-51,25,gg,cationic,C1COOOO1,C1COOOO1
,3,27,ls,cationic,C1COOOO1,C1COOOO1
,-64,25,gg,cationic,C1OCOCO1,C1OCOCO1
,-156,25,gg,cationic,C1OCOCO1,C1OCOCO1
"1,2-dichloroethane",-41,40,ss,cationic,C1OCOCO1,C1OCOCO1
nitrobenzene,-42,25,ss,cationic,C1OCOCO1,C1OCOCO1
,-18,25,ls,cationic,C1OCOCO1,C1OCOCO1
,-81.6,-80,ls,aldehyde,CC(=O)CCC=O,CC(=O)CCC=O
,-93.6,-80,ls,aldehyde,CC(=O)CCC=O,CC(=O)CCC=O
tetrahydrofuran,-90,-65,ss,aldehyde,CC(C)(Cl)C=O,CC(C)(Cl)C=O
,-188,25,gg,aldehyde,CC(=O)C,CC(C)=O
diethyl ether,-78,-65,ss,aldehyde,CC(C)C=O,CC(C)C=O
n-pentane,-94,65,ss,aldehyde,CC(C)C=O,CC(C)C=O
tetrahydrofuran,-74,-65,ss,aldehyde,CC(C)C=O,CC(C)C=O
,-60.7,80,ls,cationic,CC(C)C1COCO1,CC(C)C1COCO1
tetrahydrofuran,-74,-65,ss,aldehyde,CC(C=O)(Cl)Cl,CC(Cl)(Cl)C=O
,-7,-173,ls,cationic,CC[Si]1(O[Si](O[Si](O1)(CC)CC)(CC)CC)CC,CC[Si]1(CC)O[Si](CC)(CC)O[Si](CC)(CC)O1
,-9,-23,ls,cationic,CC[Si]1(O[Si](O[Si](O1)(CC)CC)(CC)CC)CC,CC[Si]1(CC)O[Si](CC)(CC)O[Si](CC)(CC)O1
,22,25,ls,cationic,CC[Si]1(O[Si](O[Si](O1)(CC)CC)(CC)CC)CC,CC[Si]1(CC)O[Si](CC)(CC)O[Si](CC)(CC)O1
,0,73,ls,cationic,CC[Si]1(O[Si](O[Si](O1)(CC)CC)(CC)CC)CC,CC[Si]1(CC)O[Si](CC)(CC)O[Si](CC)(CC)O1
,-25,25,ls,cationic,CC[Si]1(O[Si](O[Si](O1)(CC)CC)(CC)CC)CC,CC[Si]1(CC)O[Si](CC)(CC)O[Si](CC)(CC)O1
,-62,-23,ls,cationic,CC[Si]1(O[Si](O[Si](O1)(CC)CC)(CC)CC)CC,CC[Si]1(CC)O[Si](CC)(CC)O[Si](CC)(CC)O1
,6,-173,ls,aldehyde,CC=O,CC=O
,-14,-73,ls,aldehyde,CC=O,CC=O
,-21,25,ls,aldehyde,CC=O,CC=O
,-93,25,ls,cationic,CC1(C)CC1,CC1(C)CC1
,-75,25,ls,cyclic,CC1(C)CCC1,CC1(C)CCC1
,-66,25,ls,cationic,CC1(C)CCCC1,CC1(C)CCCC1
,-36,25,ls,cyclic,CC1(C)CCCCC1,CC1(C)CCCCC1
,-7.7,-173,ls,ROP,CC1(C)COC(=O)OC1,CC1(C)COC(=O)OC1
,-24,147,ls,ROP,CC1(C)COC(=O)OC1,CC1(C)COC(=O)OC1
,35.3,-173,ls,ROP,CC1(C)COC(=O)OC1,CC1(C)COC(=O)OC1
,-38.7,117,ls,ROP,CC1(C)COC(=O)OC1,CC1(C)COC(=O)OC1
,-5.8,25,ls,ROP,CC1(C)COC(=O)OC1,CC1(C)COC(=O)OC1
,35.2,25,ls,ROP,CC1(C)COC(=O)OC1,CC1(C)COC(=O)OC1
,-54.8,80,ls,cationic,CC1(C)COCO1,CC1(C)COCO1
,-85,25,ls,cationic,CC1CC1,CC1CC1
,-72,25,ls,cyclic,CC1CCC1,CC1CCC1
,-64,25,ls,cyclic,CC1CCCC1,CC1CCCC1
,-32,25,ls,cyclic,CC1CCCCC1,CC1CCCCC1
,-11,260,ls,ROP,CC1CCCCNC1=O,CC1CCCCNC1=O
dichloroethane,-38.8,-15,ss,cationic,CC1CCCOCO1,CC1CCCOCO1
,-16,200,ls,ROP,CC1CCNC(=O)CC1,CC1CCNC(=O)CC1
,-100.9,-6,ls,cationic,CC1CCOC1,CC1CCOC1
,-189,25,gg,cationic,CC1CO1,CC1CO1
,-53.2,-8,ls,cationic,CC1COCO1,CC1COCO1
,31.3,25,ls,ROP,CC1C(=O)OC(C(=O)O1)C,CC1OC(=O)C(C)OC1=O
,-13,127,ls,ROP,CC1C(=O)OC(C(=O)O1)C,CC1OC(=O)C(C)OC1=O
"1,2 dichloroethane",-37.2,15,ss,cationic,CC1OCCCCO1,CC1OCCCCO1
"1,1 dichloromethene",-39,-10,ss,cationic,CC1OCCCCO1,CC1OCCCCO1
,-55.3,80,ls,cationic,CC1C(OCO1)C,CC1OCOC1C
,-55.3,80,ls,cationic,CC1C(OCO1)C,CC1OCOC1C
,-8,173,ls,aldehyde,CCC=O,CCC=O
,-6,-173,ls,aldehyde,CCC=O,CCC=O
,-90,57,ls,aldehyde,CCC=O,CCC=O
,-85,25,ls,aldehyde,CCC=O,CCC=O
,-69,-73,ls,aldehyde,CCC=O,CCC=O
,-77,57,ls,aldehyde,CCC=O,CCC=O
,-76,25,ls,aldehyde,CCC=O,CCC=O
,-67,-73,ls,aldehyde,CCC=O,CCC=O
,-59.4,-24,ls,cationic,CCC1COCO1,CCC1COCO1
n-hexane,-122,10,ss,aldehyde,CCCC=O,CCCC=O
tetrahydrofuran,-107.6,-75,ss,aldehyde,CCCCC=O,CCCCC=O
,-97.1,-75,ls,aldehyde,CCCCC=O,CCCCC=O
dichloroethane,-33,-5,ss,cationic,CCCCC1OCCCCO1,CCCCC1OCCCCO1
toluene,-16,10,ss,cationic,CCCCC1OCCOCCO1,CCCCC1OCCOCCO1
,-41,-73,ls,aldehyde,CCCCCC=O,CCCCCC=O
,-16,173,ls,aldehyde,CCCCCC=O,CCCCCC=O
,-19,-173,ls,aldehyde,CCCCCC=O,CCCCCC=O
,-43,-73,ls,aldehyde,CCCCCC=O,CCCCCC=O
,-117,25,ls,aldehyde,CCCCCC=O,CCCCCC=O
,-121,67,ls,aldehyde,CCCCCC=O,CCCCCC=O
,-111,25,ls,aldehyde,CCCCCCC=O,CCCCCCC=O
,-32,-73,ls,aldehyde,CCCCCCC=O,CCCCCCC=O
,-4,-73,ls,aldehyde,CCCCCCC=O,CCCCCCC=O
,-1,-173,ls,aldehyde,CCCCCCC=O,CCCCCCC=O
,-110,97,ls,aldehyde,CCCCCCC=O,CCCCCCC=O
,-101,25,ls,aldehyde,CCCCCCC=O,CCCCCCC=O
tetrahydrofuran,-65.7,-75,ss,aldehyde,CCCCCCCC=O,CCCCCCCC=O
,-57.8,-75,ls,aldehyde,CCCCCCCC=O,CCCCCCCC=O
dichloromethane,-2.4,100,ss,cationic,CCCOP1(=O)OCCCO1,CCCOP1(=O)OCCCO1
chloroform,-41,60,ss,ROMP,O=C(C(C#N)c1c(occ2)c2c(C(C(OCC)=O)C#N)cc1)OCC,CCOC(=O)C(C#N)c1ccc(C(C#N)C(=O)OCC)c2occc12
dichloromethane,1.5,100,ss,cationic,CCOP1(=O)OCCCO1,CCOP1(=O)OCCCO1
,-83,25,ls,cationic,C1C(CO1)(CCl)CCl,ClCC1(CCl)COC1
,-25,25,ls,ROP,CN1CCCCC1=O,CN1CCCCC1=O
,-21,225,ls,ROP,CN1CCCCCC1=O,CN1CCCCCC1=O
,5,25,ls,ROP,CN1CCCCCC1=O,CN1CCCCCC1=O
,-29,250,ls,ROP,CN1CCCCCC1=O,CN1CCCCCC1=O
tetrahydrofuran,-77,-80,ss,aldehyde,COCCOCCC=O,COCCOCCC=O
,-67.4,80,ls,aldehyde,COCCOCCC=O,COCCOCCC=O
dichloromethane,-2.5,100,ss,cationic,COP1(=O)OCCCO1,COP1(=O)OCCCO1
dimethyl sulfoxide,-11.7,140,ls,cationic,COP1(=O)OCCCO1,COP1(=O)OCCCO1
,21,127,ls,ROP,C1CCCCCCCCCCCOC(=O)CCC1,O=C1CCCCCCCCCCCCCCCO1
,-109,-73,ls,ROP,C1CCCCCCCCCCOC(=O)CCC1,O=C1CCCCCCCCCCCCCCO1
,-86,25,ls,ROP,C1CCCCCCCCCCOC(=O)CCC1,O=C1CCCCCCCCCCCCCCO1
,41,25,ls,ROP,C1CCCCCCCCCCOC(=O)CCC1,O=C1CCCCCCCCCCCCCCO1
,23,97,ls,ROP,C1CCCCCCCCCCOC(=O)CCC1,O=C1CCCCCCCCCCCCCCO1
,25,127,ls,ROP,C1CCCCCCCCCOC(=O)CCC1,O=C1CCCCCCCCCCCCCO1
,57,25,ls,ROP,C1CCCCCCCCOC(=O)CCC1,O=C1CCCCCCCCCCCCO1
,-50,25,ls,ROP,C1CCCCCCCCOC(=O)CCC1,O=C1CCCCCCCCCCCCO1
,26,127,ls,ROP,C1CCCCCCCCOC(=O)CCC1,O=C1CCCCCCCCCCCCO1
,25,127,ls,ROP,C1CCCCCCCOC(=O)CCC1,O=C1CCCCCCCCCCCO1
,-16,290,ls,ROP,C1CCCCCCCCNC(=O)C1,O=C1CCCCCCCCCCN1
,-69,25,ls,ROP,C1CCCCCCOC(=O)CCC1,O=C1CCCCCCCCCCO1
,25,127,ls,ROP,C1CCCCCCOC(=O)CCC1,O=C1CCCCCCCCCCO1
,24,25,ls,ROP,C1CCCCCCOC(=O)CCC1,O=C1CCCCCCCCCCO1
,18,127,ls,ROP,C1CCCCCOC(=O)CCC1,O=C1CCCCCCCCCO1
,12,127,ls,ROP,C1CCCCOC(=O)CCC1,O=C1CCCCCCCCO1
,5,127,ls,ROP,C1CCCCOC(=O)CC1,O=C1CCCCCCCO1
,-17,25,ls,ROP,C1CCCCNC(=O)C1,O=C1CCCCCCN1
,127,,ls,ROP,C1CCCOC(=O)CC1,O=C1CCCCCCO1
,5,25,ls,ROP,C1CCC(=O)NCC1,O=C1CCCCCN1
,-29,250,ls,ROP,C1CCC(=O)NCC1,O=C1CCCCCN1
,-54,25,ls,ROP,C1CCC(=O)OCC1,O=C1CCCCCO1
,-8,77,ls,ROP,C1CCC(=O)OCC1,O=C1CCCCCO1
,-4,25,ls,ROP,C1CCC(=O)OCC1,O=C1CCCCCO1
,-25,25,ls,ROP,C1CCNC(=O)C1,O=C1CCCCN1
,-65,25,ls,ROP,C1COC(=O)CC1,O=C1CCCCO1
,-13,77,ls,ROP,C1COC(=O)CC1,O=C1CCCCO1
,-15,25,ls,ROP,C1COC(=O)CC1,O=C1CCCCO1
,-30,25,ls,ROP,C1CC(=O)OC1,O=C1CCCO1
,-65,25,ls,ROP,C1CC(=O)OC1,O=C1CCCO1
,-29,77,ls,ROP,C1CC(=O)OC1,O=C1CCCO1
,-54,25,ls,ROP,C1COC1=O,O=C1CCO1
,-74,25,ls,ROP,C1COC1=O,O=C1CCO1
,-51,127,ls,ROP,C1COC1=O,O=C1CCO1
,10.5,25,ls,ROP,C1C(=O)OCC(=O)O1,O=C1COC(=O)CO1
,-0.3,25,ls,ROP,C1C(=O)OCC(=O)O1,O=C1COC(=O)CO1
,-17.5,277,ls,ROP,C1C(=O)OCC(=O)O1,O=C1COC(=O)CO1
,32,25,ls,ROP,C1COC(=O)CO1,O=C1COCCO1
,28,-173,ls,ROP,C1COC(=O)CO1,O=C1COCCO1
,25,73,ls,ROP,C1COC(=O)CO1,O=C1COCCO1
,-9,-73,ls,ROP,C1COC(=O)CO1,O=C1COCCO1
,-10,25,ls,ROP,C1COC(=O)CO1,O=C1COCCO1
,-6,-173,ls,ROP,C1COC(=O)CO1,O=C1COCCO1
,-13,127,ls,ROP,C1COC(=O)CO1,O=C1COCCO1
benzene,-12,,ss,cationic,C1C(=O)OC(=O)CSS1,O=C1CSSCC(=O)O1
,-127.7,25,gg,ROP,O=C1OC2CCC1CC2,O=C1OC2CCC1CC2
,-76.2,25,ls,ROP,O=C1OC2CCC1CC2,O=C1OC2CCC1CC2
,-12,-173,ls,ROP,C1COC(=O)C(=O)O1,O=C1OCCOC1=O
,9,-73,ls,ROP,C1COC(=O)C(=O)O1,O=C1OCCOC1=O
,5,25,ls,ROP,C1COC(=O)C(=O)O1,O=C1OCCOC1=O
,-15,142,ls,ROP,C1COC(=O)C(=O)O1,O=C1OCCOC1=O
toluene,-100,,ss,aldehyde,C(=O)C(Br)(Br)Br,O=CC(Br)(Br)Br
toluene,-116,,ss,aldehyde,C(=O)C(Br)(Br)Cl,O=CC(Cl)(Br)Br
toluene,-122,,ss,aldehyde,C(=O)C(Cl)(Cl)Br,O=CC(Cl)(Cl)Br
n-heptane,-142,10,ss,aldehyde,C(=O)C(Cl)(Cl)Cl,O=CC(Cl)(Cl)Cl
pyridine,-117,13,ss,aldehyde,C(=O)C(Cl)(Cl)Cl,O=CC(Cl)(Cl)Cl
tetrahydrofuran,-52,-50,ss,aldehyde,C(=O)C(Cl)(Cl)Cl,O=CC(Cl)(Cl)Cl
toluene,-134,,ss,aldehyde,C(=O)C(Cl)(Cl)Cl,O=CC(Cl)(Cl)Cl
,-69,-73,ls,aldehyde,C(=O)C(Cl)(Cl)Cl,O=CC(Cl)(Cl)Cl
,-37,-173,ls,aldehyde,C(=O)C(Cl)(Cl)Cl,O=CC(Cl)(Cl)Cl
,-80,25,ls,aldehyde,C(=O)C(Cl)(Cl)Cl,O=CC(Cl)(Cl)Cl
,-30,57,ls,aldehyde,C(=O)C(Cl)(Cl)Cl,O=CC(Cl)(Cl)Cl
,-190,50,gg,aldehyde,C(=O)C(Cl)(Cl)Cl,O=CC(Cl)(Cl)Cl
,-95,50,ls,aldehyde,C(=O)C(Cl)(Cl)Cl,O=CC(Cl)(Cl)Cl
toluene,-114,,ss,aldehyde,C(=O)C(Br)(Br)F,O=CC(F)(Br)Br
toluene,-122,,ss,aldehyde,C(=O)C(Br)(Cl)F,O=CC(F)(Cl)Br
toluene,-179,,ss,aldehyde,C(=O)C(Cl)(Cl)F,O=CC(F)(Cl)Cl
toluene,-135,,ss,aldehyde,C(=O)C(Br)(F)F,O=CC(F)(F)Br
toluene,-152,,ss,aldehyde,C(=O)C(F)(F)Cl,O=CC(F)(F)Cl
toluene,-155,,ss,aldehyde,C(=O)C(F)(F)F,O=CC(F)(F)F
dichloromethane,-97,25,ls,aldehyde,C(=O)C(F)(F)F,O=CC(F)(F)F
,-187,45,gg,aldehyde,C(=O)C(F)(F)F,O=CC(F)(F)F
dichloromethane,-142.7,25,ss,aldehyde,C(=O)C(F)(F)F,O=CC(F)(F)F
dichloromethane,-96,-70,ss,aldehyde,C1=CC=C(C(=C1)C=O)C=O,O=Cc1ccccc1C=O
,19.3,90,ls,cationic,O=P1(O)OCCCO1,O=P1(O)OCCCO1
toluene,-31.4,40,ss,ROP,O=S3SC2C1CCC(C1)C2S3,O=S1SC2C3CCC(C3)C2S1
dichloromethane,-155,,ls,aldehyde,C(=O)C(F)(F)F,O=CC(F)(F)F
anisole,-51.7,,ss,cationic,O=C(OCC)CCCCC1SSCC1,CCOC(=O)CCCCC1CCSS1
toluene,8.65,,ss,ROP,CC1CCCSC(=S)S1,CC1CCCSC(=S)S1
N-Methyl-2-pyrrolidone,-20.1,,ls,ROP,O=C1NC2CCCC1C2,O=C1NC2CCCC1C2
toluene,-77.4,,ss,ROMP,C1=CCCC1,C1=CCCC1
,-46,,ls,ROP,C1(C)CCOC(=O)C1,CC1CCOC(=O)C1
toluene,-81.2,,ss,vinyl,O=C1OC(C)(C(C)C)OC1=C,C=C1OC(C)(C(C)C)OC1=O
dichloromethane,-98,,ss,aldehyde,CCOC(=O)C=O,CCOC(=O)C=O
dichloromethane,-99,,ss,aldehyde,COC(=O)C=O,COC(=O)C=O
tetrahydrofuran,-43.9,,ss,ROP,CC1(C)COC(=O)OC1,CC1(C)COC(=O)OC1
tetrahydrofuran,-40.6,,ss,ROP,CC2(c1ccccc1)COC(=O)OC2,CC1(c2ccccc2)COC(=O)OC1
tetrahydrofuran,-10,,ss,ROP,CCC2(c1ccccc1)COC(=O)OC2,CCC1(c2ccccc2)COC(=O)OC1
tetrahydrofuran,-45.6,,ss,ROP,CCC1(CC)COC(=O)OC1,CCC1(CC)COC(=O)OC1
tetrahydrofuran,-44.8,,ss,ROP,O=C1OCCCO1,O=C1OCCCO1
diglyme+tetrahydrofuran,-63,,ss,ROP,O=C2OC1CCCCC1O2,O=C1OC2CCCCC2O1
dichloromethane-D,-40.1,,ss,vinyl,C=C1CCOC1=O,C=C1CCOC1=O
,-79.9,,ls,ROP-S,O=S1(=O)CCCO1,O=S1(=O)CCCO1
,16.2,,ls,ROP,O=C(OCC(C)(C)COC(C1=CC=C(C(OCC(C)(C)COC2=O)=O)C=C1)=O)C3=CC=C2C=C3,CC1(C)COC(=O)c2ccc(cc2)C(=O)OCC(C)(C)COC(=O)c2ccc(cc2)C(=O)OC1
,10.1,,ls,ROP,O=C(OCC(C)COC(C1=CC=C(C(OCC(C)COC2=O)=O)C=C1)=O)C3=CC=C2C=C3,CC1COC(=O)c2ccc(cc2)C(=O)OCC(C)COC(=O)c2ccc(cc2)C(=O)OC1
,-22.9,,ls,ROP,CC=C1CCC(OC1=O)C=C,C=CC1CCC(=CC)C(=O)O1
,-30.7,,ls,ROP,O=C1C(CC)CCC(CC)O1,CCC1CCC(CC)C(=O)O1
dichloromethane,-20.5,,ss,ROMP,CC1(C)OC2CC/C=C\CCC2O1,CC1(C)OC2CC/C=C\CCC2O1
dichloromethane,-11.3,,ss,ROMP,CC1OC2CC/C=C\CCC2O1,CC1OC2CC/C=C\CCC2O1
dichloromethane,-15.1,,ss,ROMP,O=C(C1C(C(OC)=O)C2CC/C=C\CCC21)OC,COC(=O)C1C2CC/C=C\CCC2C1C(=O)OC
dichloromethane,-20.5,,ss,ROMP,O=C1N(C2=CC=CC=C2)C(C3C4CC/C=C\CCC4C31)=O,O=C1C2C3CC/C=C\CCC3C2C(=O)N1c1ccccc1
dichloromethane,-11.3,,ss,ROMP,CC2O[C@H]1CC/C=C\CC[C@@H]1O2,CC1O[C@H]2CC/C=C\CC[C@@H]2O1
dichloromethane,-20.5,,ss,ROMP,CC2(C)O[C@H]1CC/C=C\CC[C@@H]1O2,CC1(C)O[C@H]2CC/C=C\CC[C@@H]2O1
,-25,-173,ls,aldehyde,CCCCCCC=O,CCCCCCC=O
,-51,126.85,ls,ROP,C1COC1=O,O=C1CCO1
tetrahydrofuran,60,,ss,cyclic,O=C(OC)CCCCC1SSCC1,COC(=O)CCCCC1CCSS1
,-142.256,25,gg,vinyl,C=C,C=C
,-143.9296,25,gg,vinyl,C=C,C=C
,-162.08816,25,gg,vinyl,C=C,C=C
,-154.808,76.85,ls,vinyl,CCC=C,C=CCC
,-101.6712,25,ls,vinyl,CC(=C)C(=O)OC,C=C(C)C(=O)OC
,-108.784,76.85,ls,vinyl,CC(=C)C1=CC=CC=C1,C=C(C)c1ccccc1
"1,4-dioxane",-41.1,,ss,ROP,C[C@H]1C(=O)O[C@H](C(=O)O1)C,C[C@@H]1OC(=O)[C@H](C)OC1=O